图像,选择提示词,选择分数,前景面积比例,恢复细结构像素,A5c接受,A5c原因,A5c修正像素比例,重提示标记,SPNP后端,SPNP接受,SPNP原因,SPNP正框数,SPNP负框数,SPNP细化IoU,几何分数,几何标记
0000.jpg,P2,1.1688098016889006,0.23077136381172839,9,1,ok,0.002482518325617284,1,sam3_if_supported,1,ok,1,9,0.9845964462193222,0.6199811053377421,low
0001.jpg,P2,1.1459752393818037,0.23276945891203704,12,1,ok,0.0021344521604938272,1,sam3_if_supported,1,ok,1,9,0.9820678154820869,0.6151631477927063,low
0002.jpg,P2,1.1700312231906143,0.2326175491898148,8,1,ok,0.002126977237654321,1,sam3_if_supported,1,ok,1,9,0.9777698041539674,0.6260523854069223,low
0003.jpg,P2,1.1625829857818366,0.23025233892746913,13,1,ok,0.0013864776234567902,1,sam3_if_supported,1,ok,1,9,0.987034919277057,0.6415886341620923,low
0004.jpg,P2,1.1140450062382365,0.22847354841820988,11,1,ok,0.0024321228780864197,1,sam3_if_supported,1,ok,1,9,0.9866936619417823,0.5772257747171667,low
0005.jpg,P2,1.124156945713646,0.22352008584104938,4,1,ok,0.0022737027391975307,1,sam3_if_supported,1,ok,1,9,0.9879633423862105,0.5893605870020965,low
0006.jpg,P3,1.1428743628254205,0.23716242283950617,24,1,ok,0.003158154899691358,1,sam3_if_supported,1,ok,1,9,0.9669526620033032,0.5353448275862069,low
0007.jpg,P2,1.2298844903400554,0.2869313030478395,99,1,ok,0.0016301359953703703,0,sam3_if_supported,1,ok,1,9,0.9443435896485931,0.7056037884767167,ok
0008.jpg,P2,1.2453942811315684,0.2605981143904321,45,1,ok,0.0016079523533950616,1,sam3_if_supported,1,ok,1,9,0.813647371721409,0.6440064360418343,low
0009.jpg,P3,1.1434614882301686,0.23999083719135803,19,1,ok,0.001773365162037037,1,sam3_if_supported,1,ok,1,9,0.9301941526658026,0.6044718581341557,low
0010.jpg,P2,1.2209563974379638,0.30205994405864195,28,1,ok,0.0015053530092592592,1,sam3_if_supported,1,ok,1,9,0.9639884539190217,0.6599221789883268,low
0011.jpg,P2,1.149286906082753,0.27985990547839507,17,1,ok,0.002159770447530864,0,sam3_if_supported,1,ok,1,9,0.9872030369560282,0.7598583234946872,ok
0012.jpg,P2,1.1699488270230742,0.3003120177469136,4,1,ok,0.0017467206790123457,0,sam3_if_supported,1,ok,1,9,0.9620556686617099,0.7665841584158416,ok
0013.jpg,P2,1.1714110981662529,0.31694999035493826,6,1,ok,0.0020187114197530863,0,sam3_if_supported,1,ok,1,9,0.9844915053554514,0.7934897484675544,ok
0014.jpg,P2,1.1677276334695497,0.3204761043595679,5,1,ok,0.0018328028549382716,0,sam3_if_supported,1,ok,1,9,0.9931736856800625,0.8351628247347237,ok
0015.jpg,P2,1.1271832797847745,0.3170073784722222,4,1,ok,0.0016060233410493828,0,sam3_if_supported,1,ok,1,9,0.9924557164661241,0.8529660300828122,ok
0016.jpg,P2,1.1148616530101518,0.3091788435570988,13,1,ok,0.0021472318672839507,0,sam3_if_supported,1,ok,1,9,0.9917286673043426,0.8493632707774799,ok
0017.jpg,P2,1.0978899017140034,0.31095775462962966,8,1,ok,0.0025900607638888887,0,sam3_if_supported,1,ok,1,9,0.9924234338316219,0.8329309512312892,ok
0018.jpg,P2,1.1223276737716597,0.325702522183642,5,1,ok,0.001336202739197531,0,sam3_if_supported,1,ok,1,9,0.9390957223384695,0.793469387755102,ok
0019.jpg,P2,1.1721224157288321,0.35562102141203705,10,1,ok,0.0010005545910493827,0,sam3_if_supported,1,ok,1,9,0.9902123640596675,0.7710978342046303,ok
0020.jpg,P2,1.203575511139034,0.38377567997685186,11,1,ok,0.0018842833719135803,0,sam3_if_supported,1,ok,1,9,0.991410428588296,0.8525738653670424,ok
0021.jpg,P2,1.2347572865479037,0.41097065489969137,10,1,ok,0.0018666811342592593,0,sam3_if_supported,1,ok,1,9,0.9923656068614646,0.8960918114143921,ok
0022.jpg,P2,1.2592040342988688,0.42582851080246914,10,1,ok,0.0019329909336419752,0,sam3_if_supported,1,ok,1,9,0.9912376929375657,0.9272685818513452,ok
0023.jpg,P2,1.2304260798864992,0.41886706693672837,4,1,ok,0.0016224199459876543,0,sam3_if_supported,1,ok,1,9,0.9677287802744371,0.9364418540105468,ok
0024.jpg,P2,1.1826226520298748,0.38844630111882716,7,1,ok,0.0018614969135802469,0,sam3_if_supported,1,ok,1,9,0.9934590444186236,0.9420010995052226,ok
0025.jpg,P2,1.3076228104729632,0.3476955536265432,8,1,ok,0.0018452208719135802,0,sam3_if_supported,1,ok,1,9,0.9326498867759998,0.9279365841940908,ok
0026.jpg,P2,1.2550176291300104,0.3190850453317901,7,1,ok,0.0014849778163580248,0,sam3_if_supported,1,ok,1,9,0.9918946917291463,0.8771218647073726,ok
0027.jpg,P2,1.1396637327468742,0.30884198977623456,6,1,ok,0.0020125626929012345,0,sam3_if_supported,1,ok,1,9,0.9931929890734215,0.8769822200864968,ok
0028.jpg,P2,1.2005638476893437,0.31111388406635804,56,1,ok,0.0014932966820987654,0,sam3_if_supported,1,ok,1,9,0.9000250456365506,0.835691823899371,ok
0029.jpg,P2,1.1772556102475908,0.2984130256558642,11,1,ok,0.001822554976851852,0,sam3_if_supported,1,ok,1,9,0.990904837569545,0.8641451177151679,ok
0030.jpg,P2,1.1672429685665346,0.29811619888117286,10,1,ok,0.0016003568672839506,0,sam3_if_supported,1,ok,1,9,0.9908588947077384,0.8646684831970936,ok
0031.jpg,P2,1.2457450602773221,0.2948759403935185,6,1,ok,0.001806761188271605,0,sam3_if_supported,1,ok,1,9,0.9918566848941012,0.8742810188989318,ok
0032.jpg,P2,1.269684042648372,0.2972241512345679,9,1,ok,0.0014853395061728396,0,sam3_if_supported,1,ok,1,9,0.9768961600255974,0.8881922675026124,ok
0033.jpg,P2,1.278210890145294,0.28541799286265435,8,1,ok,0.001125217013888889,0,sam3_if_supported,1,ok,1,9,0.9504559169086042,0.8752289377289377,ok
0034.jpg,P2,1.2004973793544835,0.2709491946373457,9,1,ok,0.0017409336419753087,0,sam3_if_supported,1,ok,1,9,0.9612717492077899,0.8559009483667018,ok
0035.jpg,P2,1.1770162722496673,0.2776053722993827,8,1,ok,0.001203342013888889,0,sam3_if_supported,1,ok,1,9,0.992644361600462,0.8145306859205776,ok
0036.jpg,P2,1.16335233052599,0.2829369212962963,5,1,ok,0.000660204475308642,0,sam3_if_supported,1,ok,1,9,0.9921135107754258,0.7234693877551021,ok
0037.jpg,P2,1.1448599854512427,0.29563910590277775,10,1,ok,0.0005917245370370371,0,sam3_if_supported,1,ok,1,9,0.9919187601873596,0.8728139904610492,ok
0038.jpg,P2,1.2126798155237157,0.3157184365354938,13,1,ok,0.0007086709104938271,0,sam3_if_supported,1,ok,1,9,0.991720433646737,0.8546137339055794,ok
0039.jpg,P2,1.2392809421909041,0.30361002604166665,7,1,ok,0.0010067033179012345,0,sam3_if_supported,1,ok,1,9,0.9927830525436802,0.8148308759757156,ok
0040.jpg,P2,1.2600026871911432,0.30219593942901235,2,1,ok,0.002120587384259259,0,sam3_if_supported,1,ok,1,9,0.9933423542939425,0.8196842624568328,ok
0041.jpg,P2,1.3143054211697311,0.30806073977623455,8,1,ok,0.0026535976080246915,0,sam3_if_supported,1,ok,1,9,0.9943194512315947,0.8346746378477811,ok
0042.jpg,P2,1.3150030869950453,0.31840229552469135,9,1,ok,0.0023784722222222224,0,sam3_if_supported,1,ok,1,9,0.9915036168093413,0.8160614895308773,ok
0043.jpg,P2,1.3178744238103708,0.3243412422839506,9,1,ok,0.002011598186728395,0,sam3_if_supported,1,ok,1,9,0.993450497038118,0.7935813274981766,ok
0044.jpg,P2,1.267714718434464,0.3054833381558642,22,1,ok,0.0005623070987654321,0,sam3_if_supported,1,ok,1,9,0.9920227136449858,0.8445859872611465,ok
0045.jpg,P2,1.248003048280241,0.278412784529321,14,1,ok,0.0005056423611111111,0,sam3_if_supported,1,ok,1,9,0.992008133139423,0.8279648609077599,ok
0046.jpg,P2,1.231494457106423,0.27828004436728393,3,1,ok,0.00017240547839506172,0,sam3_if_supported,1,ok,1,9,0.9913872851914886,0.7479406919275123,ok
0047.jpg,P2,1.1147142800395808,0.25102948977623457,6,1,ok,0.00027608989197530864,0,sam3_if_supported,1,ok,1,9,0.9928696335989556,0.7444444444444445,ok
0048.jpg,P2,1.04871660858925,0.23000180844907409,5,1,ok,0.0006641830632716049,0,sam3_if_supported,1,ok,1,9,0.9932798694663005,0.7131782945736435,ok
0049.jpg,P2,1.066758147913907,0.22671778549382715,4,1,ok,0.0008443045910493828,1,sam3_if_supported,1,ok,1,9,0.9939731352986292,0.6807329261521377,low
0050.jpg,P2,1.073931723376829,0.23048683449074073,5,1,ok,0.000804759837962963,1,sam3_if_supported,1,ok,1,9,0.9934700488814684,0.6637532133676093,low
0051.jpg,P2,1.050100377472008,0.2364869068287037,7,1,ok,0.0007306134259259259,1,sam3_if_supported,1,ok,1,9,0.9934450220979304,0.673121611154144,low
0052.jpg,P2,1.0561643834797771,0.24261971932870371,8,1,ok,0.0007378472222222222,1,sam3_if_supported,1,ok,1,9,0.9948732920938093,0.6825164594001463,low
0053.jpg,P2,1.0890850683721403,0.24877049575617283,9,1,ok,0.0008704668209876543,0,sam3_if_supported,1,ok,1,9,0.9956017989546615,0.7703198741478763,ok
0054.jpg,P2,1.0973710413207398,0.25532612364969137,19,1,ok,0.0008077739197530864,0,sam3_if_supported,1,ok,1,9,0.9945576550050399,0.7569702602230484,ok
0055.jpg,P2,1.0687406295728423,0.2478886959876543,6,1,ok,0.00099609375,1,sam3_if_supported,1,ok,1,9,0.9931007240577703,0.6522829904666332,low
0056.jpg,P2,1.0746620196368395,0.2394268422067901,10,1,ok,0.0009652295524691358,1,sam3_if_supported,1,ok,1,9,0.9923528332378786,0.6967941290073387,low
0057.jpg,P2,1.1358512288793918,0.2378026138117284,13,1,ok,0.0008468364197530865,1,sam3_if_supported,1,ok,1,9,0.9929212984724453,0.6788939051918735,low
0058.jpg,P2,1.1066057954197832,0.23176830150462963,13,1,ok,0.0011009837962962963,1,sam3_if_supported,1,ok,1,9,0.9905319165030746,0.6153846153846154,low
0059.jpg,P2,1.0676674841388554,0.22462938850308642,18,1,ok,0.0006275318287037037,1,sam3_if_supported,1,ok,1,9,0.9897428978853159,0.5251274581209031,low
0060.jpg,P2,1.097371504357665,0.21387309510030864,12,1,ok,0.0018466676311728394,1,sam3_if_supported,1,ok,1,9,0.9928435323274233,0.6654193950732772,low
0061.jpg,P2,1.076272885953474,0.21294270833333334,16,1,ok,0.0015180121527777778,1,sam3_if_supported,1,ok,1,9,0.991250428900544,0.6473309608540925,low
0062.jpg,P2,1.0774840161120793,0.2137110580632716,14,1,ok,0.0021260127314814813,1,sam3_if_supported,1,ok,1,9,0.9873116298571198,0.6850439882697947,low
0063.jpg,P2,1.07640857291881,0.19796742380401233,10,1,ok,0.001722728587962963,1,sam3_if_supported,1,ok,1,9,0.9876589987797786,0.5818181818181818,low
0064.jpg,P2,1.1047173351119979,0.19692720389660495,9,1,ok,0.0022124565972222224,1,sam3_if_supported,1,ok,1,9,0.9866606606272603,0.6455613577023499,low
0065.jpg,P2,1.0796401488997112,0.19509186921296295,18,1,ok,0.00203173225308642,1,sam3_if_supported,1,ok,1,9,0.9884513937929985,0.6120363361090083,low
0066.jpg,P2,1.071222187716574,0.19081030574845678,7,1,ok,0.0012490354938271605,1,sam3_if_supported,1,ok,1,9,0.9864343636501235,0.592338479130932,low
0067.jpg,P2,1.0664393923395492,0.18451111593364197,21,1,ok,0.0009008487654320988,1,sam3_if_supported,1,ok,1,9,0.9864195083267249,0.569300518134715,low
0068.jpg,P2,1.04619841704563,0.1786669319058642,15,1,ok,0.00023955922067901234,1,sam3_if_supported,1,ok,1,9,0.9883666441593518,0.48148148148148145,low
0069.jpg,P2,1.0463667096171068,0.19394374517746912,10,1,ok,0.0003704909336419753,1,sam3_if_supported,1,ok,1,9,0.984634620486842,0.653997378768021,low
0070.jpg,P2,1.1069162406025264,0.20196373456790123,16,1,ok,0.000207007137345679,1,sam3_if_supported,1,ok,1,9,0.9796540337338917,0.45359019264448336,low
0071.jpg,P2,1.037549036298258,0.18140564718364197,10,1,ok,0.00012152777777777777,1,sam3_if_supported,1,ok,1,9,0.9822231739847823,0.24333333333333335,low
0072.jpg,P2,0.7567944405084781,0.1369405864197531,5,1,ok,0.0001644483024691358,1,sam3_if_supported,1,ok,1,9,0.9815910741610431,0.32242225859247137,low
0073.jpg,P2,1.1374757938738276,0.148179012345679,8,1,ok,0.00010525173611111111,1,sam3_if_supported,1,ok,1,9,0.9866176512496082,0.3890909090909091,low
0074.jpg,P2,1.1093227284618705,0.22308822820216048,9,1,ok,0.0003361304012345679,1,sam3_if_supported,1,ok,1,9,0.9920977645240988,0.4711425206124853,low
0075.jpg,P2,1.1332528469316627,0.25673152970679014,9,1,ok,0.0001638454861111111,1,sam3_if_supported,1,ok,1,9,0.9937135579213822,0.5228013029315961,low
0076.jpg,P2,1.2311323546716584,0.42317925347222224,9,1,ok,0.0005144434799382716,0,sam3_if_supported,1,ok,1,9,0.9952378806272592,0.8395217117684078,ok
0077.jpg,P2,1.3239716639911983,0.42675624517746913,5,1,ok,0.001394555362654321,0,sam3_if_supported,1,ok,1,9,0.9953686448184234,0.9256600871571392,ok
0078.jpg,P2,1.3498564996798952,0.426390697337963,11,1,ok,0.0006860050154320988,0,sam3_if_supported,1,ok,1,9,0.9959992172319976,0.9133473095737247,ok
0079.jpg,P2,1.2821169210005063,0.44042619116512344,17,1,ok,0.0017769820601851853,0,sam3_if_supported,1,ok,1,9,0.9950000151164891,0.928660178090702,ok
0080.jpg,P2,1.3614215062525843,0.4253516830632716,18,1,ok,0.0028370949074074075,0,sam3_if_supported,1,ok,1,9,0.9945366993823685,0.9178728422858368,ok
0081.jpg,P2,1.3450253798715148,0.4109399112654321,30,1,ok,0.0022663483796296294,0,sam3_if_supported,1,ok,1,9,0.9941840416308872,0.9012599951538648,ok
0082.jpg,P2,1.3671625162639607,0.39807544849537035,11,1,ok,0.002878086419753086,0,sam3_if_supported,1,ok,1,9,0.9932464629196098,0.934221787504585,ok
0083.jpg,P2,1.354456064293792,0.3844724151234568,9,1,ok,0.0024837239583333334,0,sam3_if_supported,1,ok,1,9,0.9947907165234495,0.9102077001013171,ok
0084.jpg,P2,1.3371259530422743,0.37062078028549383,15,1,ok,0.0015148775077160493,0,sam3_if_supported,1,ok,1,9,0.9951579971275922,0.8978367569532812,ok
0085.jpg,P2,1.3453224659121379,0.35988100405092593,8,1,ok,0.00281225887345679,0,sam3_if_supported,1,ok,1,9,0.9954100793900275,0.9176744186046512,ok
0086.jpg,P2,1.3334088240601312,0.34112618152006174,9,1,ok,0.004517505787037037,0,sam3_if_supported,1,ok,1,9,0.9943652649314032,0.9281484062010102,ok
0087.jpg,P2,1.3346320685889217,0.3389273485725309,17,1,ok,0.004547284915123457,0,sam3_if_supported,1,ok,1,9,0.9947762867648384,0.9056771667556505,ok
0088.jpg,P2,1.342099959463995,0.33547899787808644,6,1,ok,0.0048066165123456794,0,sam3_if_supported,1,ok,1,9,0.9948770002431885,0.9177077456274684,ok
0089.jpg,P2,1.3293415340308612,0.33630051601080246,8,1,ok,0.0038019627700617282,0,sam3_if_supported,1,ok,1,9,0.9957905087393172,0.9092568924593756,ok
0090.jpg,P2,1.3088209069447765,0.3374095775462963,9,1,ok,0.005338541666666667,0,sam3_if_supported,1,ok,1,9,0.9946670557842953,0.912903801534892,ok
0091.jpg,P2,1.3172694659489361,0.3377205102237654,21,1,ok,0.0043183352623456794,0,sam3_if_supported,1,ok,1,9,0.9924429970253658,0.8965940183036135,ok
0092.jpg,P2,1.302525311461069,0.3460229793595679,9,1,ok,0.0036412519290123456,0,sam3_if_supported,1,ok,1,9,0.9954375790827841,0.8670824162386892,ok
0093.jpg,P2,1.3155776525561853,0.3452531828703704,16,1,ok,0.004684485918209877,0,sam3_if_supported,1,ok,1,9,0.995038101869535,0.9150326797385621,ok
0094.jpg,P2,1.3160012645811654,0.3360323832947531,10,1,ok,0.003823543595679012,0,sam3_if_supported,1,ok,1,9,0.9949756272032189,0.9480934538241128,ok
0095.jpg,P2,1.3053331033734428,0.31405671296296295,8,1,ok,0.0016243489583333333,0,sam3_if_supported,1,ok,1,9,0.9943730170306725,0.8875025992929924,ok
0096.jpg,P2,1.301092009526072,0.30168306327160493,10,1,ok,0.0028647038966049384,0,sam3_if_supported,1,ok,1,9,0.9949760523278122,0.9306917745521119,ok
0097.jpg,P2,1.3115685392612693,0.2967961516203704,7,1,ok,0.0040040268132716045,0,sam3_if_supported,1,ok,1,9,0.9947108661744142,0.9302401038286827,ok
0098.jpg,P2,1.2758600020637672,0.29369176793981483,11,1,ok,0.0033801118827160494,0,sam3_if_supported,1,ok,1,9,0.9941872151124932,0.9289673113901142,ok
0099.jpg,P3,1.2792997147196055,0.28982096354166664,6,1,ok,0.003179253472222222,0,sam3_if_supported,1,ok,1,9,0.9934741780483763,0.9404181184668989,ok
0100.jpg,P2,1.286106320359866,0.2922846739969136,5,1,ok,0.0024408034336419753,0,sam3_if_supported,1,ok,1,9,0.994524731467258,0.9150317155922703,ok
0101.jpg,P2,1.2603472023794196,0.30033781828703704,4,1,ok,0.0012064766589506173,0,sam3_if_supported,1,ok,1,9,0.99440878988367,0.9322916666666666,ok
0102.jpg,P2,1.251011600231916,0.30471245659722224,6,1,ok,0.001509452160493827,0,sam3_if_supported,1,ok,1,9,0.9946933612939832,0.9560477591278768,ok
0103.jpg,P2,1.2377954795840747,0.29747938368055554,3,1,ok,0.002004243827160494,0,sam3_if_supported,1,ok,1,9,0.994725782298769,0.9489908764169201,ok
0104.jpg,P2,1.216939870044875,0.2901103153935185,4,1,ok,0.002207392939814815,0,sam3_if_supported,1,ok,1,9,0.995234571716555,0.9380958960895399,ok
0105.jpg,P2,1.161360374789576,0.28827365451388887,6,1,ok,0.001195143711419753,0,sam3_if_supported,1,ok,1,9,0.9953501928040538,0.913312693498452,ok
0106.jpg,P2,1.2094848061023349,0.3153516830632716,3,1,ok,0.0010831404320987654,0,sam3_if_supported,1,ok,1,9,0.9951766601450109,0.9325543255432555,ok
0107.jpg,P2,1.202867111092853,0.3448501398533951,3,1,ok,0.0011088204089506172,0,sam3_if_supported,1,ok,1,9,0.9934605609923253,0.9120470733973366,ok
0108.jpg,P2,1.2465526966004947,0.33112364969135805,10,1,ok,0.001582392939814815,0,sam3_if_supported,1,ok,1,9,0.9953442973679146,0.9339622641509434,ok
0109.jpg,P2,1.2498373706274872,0.3221560329861111,3,1,ok,0.0013999807098765433,0,sam3_if_supported,1,ok,1,9,0.9965354343730163,0.9286438958403788,ok
0110.jpg,P2,1.2410820736079344,0.3166271219135802,2,1,ok,0.001060474537037037,0,sam3_if_supported,1,ok,1,9,0.9965169412341748,0.891466872905388,ok
0111.jpg,P2,1.2546169548247184,0.3279646508487654,8,1,ok,0.0009446132330246914,0,sam3_if_supported,1,ok,1,9,0.9965546186579233,0.8755852842809364,ok
0112.jpg,P2,1.22763368195973,0.3481981819058642,24,1,ok,0.0008974729938271605,0,sam3_if_supported,1,ok,1,9,0.992989456239384,0.9059963341188793,ok
0113.jpg,P2,1.226019329546872,0.33748541184413583,11,1,ok,0.0015991512345679012,0,sam3_if_supported,1,ok,1,9,0.9928427236989837,0.9129287598944591,ok
0114.jpg,P3,1.241997564294517,0.32804277584876546,0,1,ok,0.002365210262345679,0,sam3_if_supported,1,ok,1,9,0.994246653628117,0.9319095825821662,ok
0115.jpg,P2,1.249780361341506,0.32628773630401237,2,1,ok,0.0019548128858024694,0,sam3_if_supported,1,ok,1,9,0.9962049053735343,0.927739623768289,ok
0116.jpg,P2,1.2488060537509502,0.3243102575231481,4,1,ok,0.002066936728395062,0,sam3_if_supported,1,ok,1,9,0.9966366001942251,0.92134657151722,ok
0117.jpg,P2,1.264184577223952,0.33546067226080245,6,1,ok,0.0021533805941358025,0,sam3_if_supported,1,ok,1,9,0.9966110767516971,0.9348804987876689,ok
0118.jpg,P2,1.2658660214649993,0.34016854745370373,2,1,ok,0.0012126253858024691,0,sam3_if_supported,1,ok,1,9,0.9972756006248127,0.9326688364524003,ok
0119.jpg,P2,1.2642201842835545,0.3269352816358025,7,1,ok,0.0012096113040123457,0,sam3_if_supported,1,ok,1,9,0.9948770488010976,0.9244444444444444,ok
0120.jpg,P2,1.2653757397670822,0.31862461419753085,4,1,ok,0.0018253279320987654,0,sam3_if_supported,1,ok,1,9,0.9948585658477259,0.9366509366509367,ok
0121.jpg,P2,1.2757031177883364,0.3186015866126543,6,1,ok,0.0011733217592592592,0,sam3_if_supported,1,ok,1,9,0.9952072624463433,0.9287676249771104,ok
0122.jpg,P2,1.2824015648038234,0.31822651427469134,4,1,ok,0.0007092737268518519,0,sam3_if_supported,1,ok,1,9,0.9946267895038807,0.890020366598778,ok
0123.jpg,P2,1.2838145722518077,0.32979166666666665,17,1,ok,0.0011373939043209877,0,sam3_if_supported,1,ok,1,9,0.9961367386180147,0.9433678269049859,ok
0124.jpg,P2,1.316000339921087,0.35087504822530863,4,1,ok,0.0005179398148148148,0,sam3_if_supported,1,ok,1,9,0.9954580663454726,0.9507389162561576,ok
0125.jpg,P2,1.3405535090977945,0.3416315827546296,5,1,ok,0.0008000578703703704,0,sam3_if_supported,1,ok,1,9,0.9955231583523553,0.934397845325125,ok
0126.jpg,P2,1.34615852455627,0.34518422067901233,3,1,ok,0.0009260464891975308,0,sam3_if_supported,1,ok,1,9,0.9969093863599751,0.9421459804910864,ok
0127.jpg,P3,1.3548009368643168,0.3415530960648148,3,1,ok,0.0006671971450617284,0,sam3_if_supported,1,ok,1,9,0.9957344682620884,0.9352919300855337,ok
0128.jpg,P3,1.3500284321142453,0.33198157793209876,2,1,ok,0.0006998697916666667,0,sam3_if_supported,1,ok,1,9,0.9953804101587306,0.9420909444228527,ok
0129.jpg,P2,1.3430376229723182,0.342529899691358,4,1,ok,0.0004457224151234568,0,sam3_if_supported,1,ok,1,9,0.9948142355120898,0.923438233912635,ok
0130.jpg,P2,1.3117728342188832,0.33808979552469137,2,1,ok,0.0010456452546296297,0,sam3_if_supported,1,ok,1,9,0.9940949620812004,0.9162967660114141,ok
0131.jpg,P3,1.3216216806523537,0.3178134645061728,4,1,ok,0.001463035300925926,0,sam3_if_supported,1,ok,1,9,0.9948379514601289,0.9336388323150034,ok
0132.jpg,P3,1.3458790381831158,0.31552191840277777,5,1,ok,0.0017133246527777778,0,sam3_if_supported,1,ok,1,9,0.9940937175733608,0.9216903665131184,ok
0133.jpg,P3,1.3558486944840835,0.3243341290509259,6,1,ok,0.00169945987654321,0,sam3_if_supported,1,ok,1,9,0.9956645056423427,0.9256446132320607,ok
0134.jpg,P3,1.350662211581486,0.33230179398148146,2,1,ok,0.001863184799382716,0,sam3_if_supported,1,ok,1,9,0.9949838967436366,0.9367886534757486,ok
0135.jpg,P2,1.3473437187453445,0.34850320698302467,6,1,ok,0.0008012635030864197,0,sam3_if_supported,1,ok,1,9,0.9967160695190503,0.9225941422594143,ok
0136.jpg,P2,1.3011589886521506,0.32907624421296294,3,1,ok,0.0009201388888888889,0,sam3_if_supported,1,ok,1,9,0.9952536098503302,0.9371119567394353,ok
0137.jpg,P2,1.311822864187278,0.3130778597608025,5,1,ok,0.0009237557870370371,0,sam3_if_supported,1,ok,1,9,0.9959291360692062,0.9063389391979302,ok
0138.jpg,P2,1.298033227788172,0.3065635850694444,0,1,ok,0.0013922646604938272,0,sam3_if_supported,1,ok,1,9,0.9969548365278973,0.9375,ok
0139.jpg,P2,1.2920768618205587,0.3022188464506173,4,1,ok,0.0017022328317901235,0,sam3_if_supported,1,ok,1,9,0.997340143848872,0.9217745392198885,ok
0140.jpg,P2,1.2857135957359074,0.3141388165509259,3,1,ok,0.0015500819830246914,0,sam3_if_supported,1,ok,1,9,0.9969152277748293,0.9295190713101161,ok
0141.jpg,P2,1.291851657522378,0.32685414255401235,2,1,ok,0.0011395640432098765,0,sam3_if_supported,1,ok,1,9,0.9950940310711366,0.9355921855921856,ok
0142.jpg,P2,1.2710422150684302,0.3049775752314815,1,1,ok,0.0006841965663580247,0,sam3_if_supported,1,ok,1,9,0.9944717298695371,0.9040912139503688,ok
0143.jpg,P2,1.26576134361762,0.2929265528549383,3,1,ok,0.0011987606095679012,0,sam3_if_supported,1,ok,1,9,0.9950841155561396,0.8742049469964664,ok
0144.jpg,P2,1.2269273169916124,0.2902097800925926,2,1,ok,0.0009645061728395061,0,sam3_if_supported,1,ok,1,9,0.9947097313100376,0.8766055045871559,ok
0145.jpg,P2,1.2142515418940818,0.2931400704089506,2,1,ok,0.0018039882330246914,0,sam3_if_supported,1,ok,1,9,0.9954355000569011,0.933319983980777,ok
0146.jpg,P2,1.2312896443142394,0.2922465760030864,3,1,ok,0.0012375819830246913,0,sam3_if_supported,1,ok,1,9,0.9943221011333011,0.92400104465918,ok
0147.jpg,P2,1.2379891098815496,0.31108736014660493,9,1,ok,0.0009616126543209876,0,sam3_if_supported,1,ok,1,9,0.9939070258721062,0.928673835125448,ok
0148.jpg,P2,1.2167491534862367,0.29404236593364197,7,1,ok,0.0005421730324074074,0,sam3_if_supported,1,ok,1,9,0.994297176151245,0.9129451667608819,ok
0149.jpg,P2,1.239081496726403,0.29165087287808644,7,1,ok,0.001195143711419753,0,sam3_if_supported,1,ok,1,9,0.9943108706949654,0.9458189790165988,ok
0150.jpg,P2,1.2291495619586572,0.2920425829475309,2,1,ok,0.0009739101080246913,0,sam3_if_supported,1,ok,1,9,0.9935590496388097,0.9468599033816425,ok
0151.jpg,P2,1.225745061551468,0.2925371334876543,8,1,ok,0.0008728780864197531,0,sam3_if_supported,1,ok,1,9,0.9949743342997757,0.9315352697095436,ok
0152.jpg,P2,1.2264396983016315,0.301792293595679,5,1,ok,0.001215157214506173,0,sam3_if_supported,1,ok,1,9,0.9930632740592361,0.9399769141977684,ok
0153.jpg,P2,1.2090314840530278,0.2926994116512346,11,1,ok,0.0007406201774691358,0,sam3_if_supported,1,ok,1,9,0.9923158972309067,0.9256816182937555,ok
0154.jpg,P2,1.2442957067768414,0.2911996045524691,5,1,ok,0.0006585165895061729,0,sam3_if_supported,1,ok,1,9,0.9940191744942046,0.9154440154440154,ok
0155.jpg,P2,1.241864340202852,0.2975388213734568,4,1,ok,0.00030538676697530867,0,sam3_if_supported,1,ok,1,9,0.9961193164188851,0.8125,ok
0156.jpg,P2,1.2675244633960698,0.29443190586419754,3,1,ok,0.0002920042438271605,0,sam3_if_supported,1,ok,1,9,0.9948317712649926,0.8941774491682071,ok
0157.jpg,P2,1.2400019774796869,0.2584379822530864,13,1,ok,0.0013137779706790123,0,sam3_if_supported,1,ok,1,9,0.9898952253118161,0.8770226537216829,ok
0158.jpg,P2,1.2377807295576453,0.24532925829475308,6,1,ok,0.0009777681327160495,0,sam3_if_supported,1,ok,1,9,0.9837883000739315,0.8162709225379525,ok
0159.jpg,P2,1.2277530170505648,0.24429169077932097,13,1,ok,0.0014586950231481482,0,sam3_if_supported,1,ok,1,9,0.9799015673031236,0.8275620846449807,ok
0160.jpg,P3,1.2041403877076244,0.2296561535493827,4,1,ok,0.001552613811728395,0,sam3_if_supported,1,ok,1,9,0.9916626203781831,0.8314035583168596,ok
0161.jpg,P2,1.2128813041474922,0.22985013985339506,10,1,ok,0.001175612461419753,0,sam3_if_supported,1,ok,1,9,0.9838265732918597,0.8056975894813733,ok
0162.jpg,P2,1.2291380145099458,0.23479853877314816,12,1,ok,0.0006664737654320988,0,sam3_if_supported,1,ok,1,9,0.9796178895321896,0.7356076759061834,ok
0163.jpg,P3,1.227075920675886,0.22504557291666666,4,1,ok,0.0027488425925925927,0,sam3_if_supported,1,ok,1,9,0.7557568375211371,0.8686117467581999,ok
0164.jpg,P2,1.2052522680676248,0.2316993393132716,17,1,ok,0.003627025462962963,0,sam3_if_supported,1,ok,1,9,0.9839612274315181,0.7588772404463984,ok
0165.jpg,P2,1.2012393867752,0.24361641589506172,12,1,ok,0.0024874614197530863,0,sam3_if_supported,1,ok,1,9,0.9935539576690054,0.8547745358090185,ok
0166.jpg,P2,1.2070314262244337,0.2547359664351852,27,1,ok,0.0019525221836419753,0,sam3_if_supported,1,ok,1,9,0.9697820598451683,0.7812401636764243,ok
0167.jpg,P2,1.2380477138733632,0.2946175733024691,36,1,ok,0.0009986255787037036,0,sam3_if_supported,1,ok,1,9,0.9838745418004604,0.7360919540229885,ok
0168.jpg,P2,1.150849495052145,0.325561222029321,6,1,ok,0.00037097318672839504,0,sam3_if_supported,1,ok,1,9,0.993656638396505,0.8097826086956522,ok
0169.jpg,P2,1.1785986623591598,0.33392493730709877,6,1,ok,0.00033480420524691356,0,sam3_if_supported,1,ok,1,9,0.9962966804566862,0.8202020202020202,ok
0170.jpg,P2,1.2478394134058033,0.3684112172067901,4,1,ok,0.001359471450617284,0,sam3_if_supported,1,ok,1,9,0.996857657501419,0.9602555003548616,ok
0171.jpg,P2,1.2121865805034586,0.34058039158950615,2,1,ok,0.0005908805941358025,0,sam3_if_supported,1,ok,1,9,0.9965359752919192,0.9681253376553215,ok
0172.jpg,P2,1.3002819187516015,0.30565128279320986,7,1,ok,0.0015617766203703703,0,sam3_if_supported,1,ok,1,9,0.9966430912582005,0.9863848811217232,ok
0173.jpg,P2,1.3067437509619348,0.29259596836419755,4,1,ok,0.0016091579861111111,0,sam3_if_supported,1,ok,1,9,0.9965967298941274,0.9876112371313907,ok
0174.jpg,P2,1.3090390643946952,0.2897615258487654,6,1,ok,0.0017956693672839506,0,sam3_if_supported,1,ok,1,9,0.9970286915273538,0.9869099563665212,ok
0175.jpg,P2,1.310246753274636,0.2867604648919753,3,1,ok,0.0017291184413580248,0,sam3_if_supported,1,ok,1,9,0.9970201084519791,0.9872165576015827,ok
0176.jpg,P2,1.3093213627055467,0.28553530092592594,1,1,ok,0.0019175588348765433,0,sam3_if_supported,1,ok,1,9,0.9972692775445262,0.9864280387770321,ok
0177.jpg,P3,1.3164654797164337,0.286254581404321,3,1,ok,0.0018391927083333333,0,sam3_if_supported,1,ok,1,9,0.996758559746042,0.9873159352675317,ok
0178.jpg,P2,1.2829968760896895,0.29444191261574076,7,1,ok,0.0006649064429012346,0,sam3_if_supported,1,ok,1,9,0.9968777598665743,0.9650317892824705,ok
0179.jpg,P2,1.1899126061324088,0.3682347125771605,5,1,ok,0.0006991464120370371,0,sam3_if_supported,1,ok,1,9,0.9947689799560118,0.9531893004115226,ok
0180.jpg,P2,1.3163295297304134,0.410429084683642,5,1,ok,0.001564308449074074,0,sam3_if_supported,1,ok,1,9,0.9956726078376043,0.9780089855757862,ok
0181.jpg,P2,1.3341072473432853,0.43264021508487654,5,1,ok,0.0022763551311728394,0,sam3_if_supported,1,ok,1,9,0.9966884439804444,0.9848413814658541,ok
0182.jpg,P3,1.344115605929185,0.4466450858410494,5,1,ok,0.003267023533950617,0,sam3_if_supported,1,ok,1,9,0.996047045083966,0.9895893580104106,ok
0183.jpg,P3,1.34584824935868,0.46486448688271603,4,1,ok,0.003234350887345679,0,sam3_if_supported,1,ok,1,9,0.9971621963926182,0.9905838041431262,ok
0184.jpg,P2,1.3516650999707962,0.47304313753858024,3,1,ok,0.003002387152777778,0,sam3_if_supported,1,ok,1,9,0.9974230208597574,0.9909036385445822,ok
0185.jpg,P2,1.3621395461833785,0.47846776138117286,5,1,ok,0.0028876109182098767,0,sam3_if_supported,1,ok,1,9,0.9972365214190504,0.990210097899021,ok
0186.jpg,P2,1.3626741027993372,0.47831392264660494,1,1,ok,0.00288061824845679,0,sam3_if_supported,1,ok,1,9,0.9976635756927685,0.989233135574599,ok
0187.jpg,P2,1.3523994136818642,0.47492790316358025,8,1,ok,0.0037777295524691356,0,sam3_if_supported,1,ok,1,9,0.9972460115399869,0.9916192446973616,ok
0188.jpg,P2,1.3461286023220551,0.4769939959490741,5,1,ok,0.0028756751543209877,0,sam3_if_supported,1,ok,1,9,0.9975660500083657,0.9905464367338458,ok
0189.jpg,P2,1.3391972604347138,0.4888008777006173,2,1,ok,0.0028011670524691356,0,sam3_if_supported,1,ok,1,9,0.9973397202538726,0.9912921348314607,ok
0190.jpg,P2,1.3309923253333606,0.49859784915123456,5,1,ok,0.0023600260416666665,0,sam3_if_supported,1,ok,1,9,0.9967840182934622,0.9905050227053804,ok
0191.jpg,P2,1.3215188717775317,0.48516710069444446,8,1,ok,0.0008908420138888889,0,sam3_if_supported,1,ok,1,9,0.9970339463028267,0.9774436090225563,ok
0192.jpg,P2,1.2965811226505015,0.5192300829475308,4,1,ok,0.000419921875,0,sam3_if_supported,1,ok,1,9,0.9955296256128261,0.9750911300121506,ok
0193.jpg,P2,1.2932280240326741,0.5471056375385802,5,1,ok,0.0002939332561728395,0,sam3_if_supported,1,ok,1,9,0.9982656399396204,0.973595125253893,ok
0194.jpg,P2,1.3064328191303711,0.5302782600308642,2,1,ok,0.00040051118827160495,0,sam3_if_supported,1,ok,1,9,0.9981303860615127,0.9629337539432177,ok
0195.jpg,P3,1.307996257011816,0.5002479986496914,3,1,ok,0.0008879484953703703,0,sam3_if_supported,1,ok,1,9,0.9980122739368924,0.9675535366645036,ok
0196.jpg,P1,1.307715042918125,0.46382426697530865,5,1,ok,0.0012548225308641975,0,sam3_if_supported,1,ok,1,9,0.9975358130501069,0.971359940872136,ok
0197.jpg,P5,1.3570939359895167,0.42924491222993827,7,1,ok,0.0022135416666666666,0,sam3_if_supported,1,ok,1,9,0.9972498133277625,0.976312343768599,ok
0198.jpg,P5,1.3636877798022276,0.4095900848765432,8,1,ok,0.002326027199074074,0,sam3_if_supported,1,ok,1,9,0.9958711801089631,0.9766753492777647,ok
0199.jpg,P2,1.3463441344328557,0.3876192370756173,7,1,ok,0.0011693431712962964,0,sam3_if_supported,1,ok,1,9,0.9975141978982992,0.9599015124868097,ok
0200.jpg,P3,1.3148188370285836,0.3569332320601852,5,1,ok,0.0012962962962962963,0,sam3_if_supported,1,ok,1,9,0.9971094780121122,0.9628633843051588,ok
0201.jpg,P3,1.3205219756031576,0.34682002314814814,5,1,ok,0.002358699845679012,0,sam3_if_supported,1,ok,1,9,0.997297004173795,0.9716328963051252,ok
0202.jpg,P2,1.3265879840286718,0.33803566261574075,5,1,ok,0.0022745466820987656,0,sam3_if_supported,1,ok,1,9,0.9976944907628826,0.9699103713188221,ok
0203.jpg,P2,1.3152667932112267,0.3181753954475309,5,1,ok,0.0014637586805555556,0,sam3_if_supported,1,ok,1,9,0.9974579929335401,0.9607843137254902,ok
0204.jpg,P2,1.2393216817103594,0.30059835551697534,4,1,ok,0.0012015335648148148,0,sam3_if_supported,1,ok,1,9,0.9968499580625249,0.9151547491995731,ok
0205.jpg,P2,1.232248743056426,0.2591673900462963,17,1,ok,0.0006180073302469135,0,sam3_if_supported,1,ok,1,9,0.9946805585972629,0.8665594855305466,ok
0206.jpg,P3,1.2706229223747314,0.21658191068672838,8,1,ok,0.0012584394290123457,0,sam3_if_supported,1,ok,1,9,0.9953349185877801,0.9056372549019608,ok
0207.jpg,P2,1.2706017248632802,0.19071928047839506,4,1,ok,0.001898268711419753,0,sam3_if_supported,1,ok,1,9,0.9950511264417721,0.8973098061903384,ok
0208.jpg,P2,1.252060602913736,0.17807002314814815,3,1,ok,0.00154296875,0,sam3_if_supported,1,ok,1,9,0.9936704495087223,0.8781565656565656,ok
0209.jpg,P1,1.1672947712316957,0.17164171006944445,3,1,ok,0.0015652729552469136,0,sam3_if_supported,1,ok,1,9,0.9931447179736549,0.8736672051696285,ok
