序号,图像名,图像路径
0,0000.jpg,00-论文优化重构/数据管理/01-输入图像/02-fft_frames/CaoMei2/0000.jpg
1,0001.jpg,00-论文优化重构/数据管理/01-输入图像/02-fft_frames/CaoMei2/0001.jpg
2,0002.jpg,00-论文优化重构/数据管理/01-输入图像/02-fft_frames/CaoMei2/0002.jpg
3,0003.jpg,00-论文优化重构/数据管理/01-输入图像/02-fft_frames/CaoMei2/0003.jpg
4,0004.jpg,00-论文优化重构/数据管理/01-输入图像/02-fft_frames/CaoMei2/0004.jpg
5,0005.jpg,00-论文优化重构/数据管理/01-输入图像/02-fft_frames/CaoMei2/0005.jpg
6,0006.jpg,00-论文优化重构/数据管理/01-输入图像/02-fft_frames/CaoMei2/0006.jpg
7,0007.jpg,00-论文优化重构/数据管理/01-输入图像/02-fft_frames/CaoMei2/0007.jpg
8,0008.jpg,00-论文优化重构/数据管理/01-输入图像/02-fft_frames/CaoMei2/0008.jpg
9,0009.jpg,00-论文优化重构/数据管理/01-输入图像/02-fft_frames/CaoMei2/0009.jpg
10,0010.jpg,00-论文优化重构/数据管理/01-输入图像/02-fft_frames/CaoMei2/0010.jpg
11,0011.jpg,00-论文优化重构/数据管理/01-输入图像/02-fft_frames/CaoMei2/0011.jpg
12,0012.jpg,00-论文优化重构/数据管理/01-输入图像/02-fft_frames/CaoMei2/0012.jpg
13,0013.jpg,00-论文优化重构/数据管理/01-输入图像/02-fft_frames/CaoMei2/0013.jpg
14,0014.jpg,00-论文优化重构/数据管理/01-输入图像/02-fft_frames/CaoMei2/0014.jpg
15,0015.jpg,00-论文优化重构/数据管理/01-输入图像/02-fft_frames/CaoMei2/0015.jpg
16,0016.jpg,00-论文优化重构/数据管理/01-输入图像/02-fft_frames/CaoMei2/0016.jpg
17,0017.jpg,00-论文优化重构/数据管理/01-输入图像/02-fft_frames/CaoMei2/0017.jpg
18,0018.jpg,00-论文优化重构/数据管理/01-输入图像/02-fft_frames/CaoMei2/0018.jpg
19,0019.jpg,00-论文优化重构/数据管理/01-输入图像/02-fft_frames/CaoMei2/0019.jpg
20,0020.jpg,00-论文优化重构/数据管理/01-输入图像/02-fft_frames/CaoMei2/0020.jpg
21,0021.jpg,00-论文优化重构/数据管理/01-输入图像/02-fft_frames/CaoMei2/0021.jpg
22,0022.jpg,00-论文优化重构/数据管理/01-输入图像/02-fft_frames/CaoMei2/0022.jpg
23,0023.jpg,00-论文优化重构/数据管理/01-输入图像/02-fft_frames/CaoMei2/0023.jpg
24,0024.jpg,00-论文优化重构/数据管理/01-输入图像/02-fft_frames/CaoMei2/0024.jpg
25,0025.jpg,00-论文优化重构/数据管理/01-输入图像/02-fft_frames/CaoMei2/0025.jpg
26,0026.jpg,00-论文优化重构/数据管理/01-输入图像/02-fft_frames/CaoMei2/0026.jpg
27,0027.jpg,00-论文优化重构/数据管理/01-输入图像/02-fft_frames/CaoMei2/0027.jpg
28,0028.jpg,00-论文优化重构/数据管理/01-输入图像/02-fft_frames/CaoMei2/0028.jpg
29,0029.jpg,00-论文优化重构/数据管理/01-输入图像/02-fft_frames/CaoMei2/0029.jpg
30,0030.jpg,00-论文优化重构/数据管理/01-输入图像/02-fft_frames/CaoMei2/0030.jpg
31,0031.jpg,00-论文优化重构/数据管理/01-输入图像/02-fft_frames/CaoMei2/0031.jpg
32,0032.jpg,00-论文优化重构/数据管理/01-输入图像/02-fft_frames/CaoMei2/0032.jpg
33,0033.jpg,00-论文优化重构/数据管理/01-输入图像/02-fft_frames/CaoMei2/0033.jpg
34,0034.jpg,00-论文优化重构/数据管理/01-输入图像/02-fft_frames/CaoMei2/0034.jpg
35,0035.jpg,00-论文优化重构/数据管理/01-输入图像/02-fft_frames/CaoMei2/0035.jpg
36,0036.jpg,00-论文优化重构/数据管理/01-输入图像/02-fft_frames/CaoMei2/0036.jpg
37,0037.jpg,00-论文优化重构/数据管理/01-输入图像/02-fft_frames/CaoMei2/0037.jpg
38,0038.jpg,00-论文优化重构/数据管理/01-输入图像/02-fft_frames/CaoMei2/0038.jpg
39,0039.jpg,00-论文优化重构/数据管理/01-输入图像/02-fft_frames/CaoMei2/0039.jpg
40,0040.jpg,00-论文优化重构/数据管理/01-输入图像/02-fft_frames/CaoMei2/0040.jpg
41,0041.jpg,00-论文优化重构/数据管理/01-输入图像/02-fft_frames/CaoMei2/0041.jpg
42,0042.jpg,00-论文优化重构/数据管理/01-输入图像/02-fft_frames/CaoMei2/0042.jpg
43,0043.jpg,00-论文优化重构/数据管理/01-输入图像/02-fft_frames/CaoMei2/0043.jpg
44,0044.jpg,00-论文优化重构/数据管理/01-输入图像/02-fft_frames/CaoMei2/0044.jpg
45,0045.jpg,00-论文优化重构/数据管理/01-输入图像/02-fft_frames/CaoMei2/0045.jpg
46,0046.jpg,00-论文优化重构/数据管理/01-输入图像/02-fft_frames/CaoMei2/0046.jpg
47,0047.jpg,00-论文优化重构/数据管理/01-输入图像/02-fft_frames/CaoMei2/0047.jpg
48,0048.jpg,00-论文优化重构/数据管理/01-输入图像/02-fft_frames/CaoMei2/0048.jpg
49,0049.jpg,00-论文优化重构/数据管理/01-输入图像/02-fft_frames/CaoMei2/0049.jpg
50,0050.jpg,00-论文优化重构/数据管理/01-输入图像/02-fft_frames/CaoMei2/0050.jpg
51,0051.jpg,00-论文优化重构/数据管理/01-输入图像/02-fft_frames/CaoMei2/0051.jpg
52,0052.jpg,00-论文优化重构/数据管理/01-输入图像/02-fft_frames/CaoMei2/0052.jpg
53,0053.jpg,00-论文优化重构/数据管理/01-输入图像/02-fft_frames/CaoMei2/0053.jpg
54,0054.jpg,00-论文优化重构/数据管理/01-输入图像/02-fft_frames/CaoMei2/0054.jpg
55,0055.jpg,00-论文优化重构/数据管理/01-输入图像/02-fft_frames/CaoMei2/0055.jpg
56,0056.jpg,00-论文优化重构/数据管理/01-输入图像/02-fft_frames/CaoMei2/0056.jpg
57,0057.jpg,00-论文优化重构/数据管理/01-输入图像/02-fft_frames/CaoMei2/0057.jpg
58,0058.jpg,00-论文优化重构/数据管理/01-输入图像/02-fft_frames/CaoMei2/0058.jpg
59,0059.jpg,00-论文优化重构/数据管理/01-输入图像/02-fft_frames/CaoMei2/0059.jpg
60,0060.jpg,00-论文优化重构/数据管理/01-输入图像/02-fft_frames/CaoMei2/0060.jpg
61,0061.jpg,00-论文优化重构/数据管理/01-输入图像/02-fft_frames/CaoMei2/0061.jpg
62,0062.jpg,00-论文优化重构/数据管理/01-输入图像/02-fft_frames/CaoMei2/0062.jpg
63,0063.jpg,00-论文优化重构/数据管理/01-输入图像/02-fft_frames/CaoMei2/0063.jpg
64,0064.jpg,00-论文优化重构/数据管理/01-输入图像/02-fft_frames/CaoMei2/0064.jpg
65,0065.jpg,00-论文优化重构/数据管理/01-输入图像/02-fft_frames/CaoMei2/0065.jpg
66,0066.jpg,00-论文优化重构/数据管理/01-输入图像/02-fft_frames/CaoMei2/0066.jpg
67,0067.jpg,00-论文优化重构/数据管理/01-输入图像/02-fft_frames/CaoMei2/0067.jpg
68,0068.jpg,00-论文优化重构/数据管理/01-输入图像/02-fft_frames/CaoMei2/0068.jpg
69,0069.jpg,00-论文优化重构/数据管理/01-输入图像/02-fft_frames/CaoMei2/0069.jpg
70,0070.jpg,00-论文优化重构/数据管理/01-输入图像/02-fft_frames/CaoMei2/0070.jpg
71,0071.jpg,00-论文优化重构/数据管理/01-输入图像/02-fft_frames/CaoMei2/0071.jpg
72,0072.jpg,00-论文优化重构/数据管理/01-输入图像/02-fft_frames/CaoMei2/0072.jpg
73,0073.jpg,00-论文优化重构/数据管理/01-输入图像/02-fft_frames/CaoMei2/0073.jpg
74,0074.jpg,00-论文优化重构/数据管理/01-输入图像/02-fft_frames/CaoMei2/0074.jpg
75,0075.jpg,00-论文优化重构/数据管理/01-输入图像/02-fft_frames/CaoMei2/0075.jpg
76,0076.jpg,00-论文优化重构/数据管理/01-输入图像/02-fft_frames/CaoMei2/0076.jpg
77,0077.jpg,00-论文优化重构/数据管理/01-输入图像/02-fft_frames/CaoMei2/0077.jpg
78,0078.jpg,00-论文优化重构/数据管理/01-输入图像/02-fft_frames/CaoMei2/0078.jpg
79,0079.jpg,00-论文优化重构/数据管理/01-输入图像/02-fft_frames/CaoMei2/0079.jpg
80,0080.jpg,00-论文优化重构/数据管理/01-输入图像/02-fft_frames/CaoMei2/0080.jpg
81,0081.jpg,00-论文优化重构/数据管理/01-输入图像/02-fft_frames/CaoMei2/0081.jpg
82,0082.jpg,00-论文优化重构/数据管理/01-输入图像/02-fft_frames/CaoMei2/0082.jpg
83,0083.jpg,00-论文优化重构/数据管理/01-输入图像/02-fft_frames/CaoMei2/0083.jpg
84,0084.jpg,00-论文优化重构/数据管理/01-输入图像/02-fft_frames/CaoMei2/0084.jpg
85,0085.jpg,00-论文优化重构/数据管理/01-输入图像/02-fft_frames/CaoMei2/0085.jpg
86,0086.jpg,00-论文优化重构/数据管理/01-输入图像/02-fft_frames/CaoMei2/0086.jpg
87,0087.jpg,00-论文优化重构/数据管理/01-输入图像/02-fft_frames/CaoMei2/0087.jpg
88,0088.jpg,00-论文优化重构/数据管理/01-输入图像/02-fft_frames/CaoMei2/0088.jpg
89,0089.jpg,00-论文优化重构/数据管理/01-输入图像/02-fft_frames/CaoMei2/0089.jpg
90,0090.jpg,00-论文优化重构/数据管理/01-输入图像/02-fft_frames/CaoMei2/0090.jpg
91,0091.jpg,00-论文优化重构/数据管理/01-输入图像/02-fft_frames/CaoMei2/0091.jpg
92,0092.jpg,00-论文优化重构/数据管理/01-输入图像/02-fft_frames/CaoMei2/0092.jpg
93,0093.jpg,00-论文优化重构/数据管理/01-输入图像/02-fft_frames/CaoMei2/0093.jpg
94,0094.jpg,00-论文优化重构/数据管理/01-输入图像/02-fft_frames/CaoMei2/0094.jpg
95,0095.jpg,00-论文优化重构/数据管理/01-输入图像/02-fft_frames/CaoMei2/0095.jpg
96,0096.jpg,00-论文优化重构/数据管理/01-输入图像/02-fft_frames/CaoMei2/0096.jpg
97,0097.jpg,00-论文优化重构/数据管理/01-输入图像/02-fft_frames/CaoMei2/0097.jpg
98,0098.jpg,00-论文优化重构/数据管理/01-输入图像/02-fft_frames/CaoMei2/0098.jpg
99,0099.jpg,00-论文优化重构/数据管理/01-输入图像/02-fft_frames/CaoMei2/0099.jpg
100,0100.jpg,00-论文优化重构/数据管理/01-输入图像/02-fft_frames/CaoMei2/0100.jpg
101,0101.jpg,00-论文优化重构/数据管理/01-输入图像/02-fft_frames/CaoMei2/0101.jpg
102,0102.jpg,00-论文优化重构/数据管理/01-输入图像/02-fft_frames/CaoMei2/0102.jpg
103,0103.jpg,00-论文优化重构/数据管理/01-输入图像/02-fft_frames/CaoMei2/0103.jpg
104,0104.jpg,00-论文优化重构/数据管理/01-输入图像/02-fft_frames/CaoMei2/0104.jpg
105,0105.jpg,00-论文优化重构/数据管理/01-输入图像/02-fft_frames/CaoMei2/0105.jpg
106,0106.jpg,00-论文优化重构/数据管理/01-输入图像/02-fft_frames/CaoMei2/0106.jpg
107,0107.jpg,00-论文优化重构/数据管理/01-输入图像/02-fft_frames/CaoMei2/0107.jpg
108,0108.jpg,00-论文优化重构/数据管理/01-输入图像/02-fft_frames/CaoMei2/0108.jpg
109,0109.jpg,00-论文优化重构/数据管理/01-输入图像/02-fft_frames/CaoMei2/0109.jpg
110,0110.jpg,00-论文优化重构/数据管理/01-输入图像/02-fft_frames/CaoMei2/0110.jpg
111,0111.jpg,00-论文优化重构/数据管理/01-输入图像/02-fft_frames/CaoMei2/0111.jpg
112,0112.jpg,00-论文优化重构/数据管理/01-输入图像/02-fft_frames/CaoMei2/0112.jpg
113,0113.jpg,00-论文优化重构/数据管理/01-输入图像/02-fft_frames/CaoMei2/0113.jpg
114,0114.jpg,00-论文优化重构/数据管理/01-输入图像/02-fft_frames/CaoMei2/0114.jpg
115,0115.jpg,00-论文优化重构/数据管理/01-输入图像/02-fft_frames/CaoMei2/0115.jpg
116,0116.jpg,00-论文优化重构/数据管理/01-输入图像/02-fft_frames/CaoMei2/0116.jpg
117,0117.jpg,00-论文优化重构/数据管理/01-输入图像/02-fft_frames/CaoMei2/0117.jpg
118,0118.jpg,00-论文优化重构/数据管理/01-输入图像/02-fft_frames/CaoMei2/0118.jpg
119,0119.jpg,00-论文优化重构/数据管理/01-输入图像/02-fft_frames/CaoMei2/0119.jpg
120,0120.jpg,00-论文优化重构/数据管理/01-输入图像/02-fft_frames/CaoMei2/0120.jpg
121,0121.jpg,00-论文优化重构/数据管理/01-输入图像/02-fft_frames/CaoMei2/0121.jpg
122,0122.jpg,00-论文优化重构/数据管理/01-输入图像/02-fft_frames/CaoMei2/0122.jpg
123,0123.jpg,00-论文优化重构/数据管理/01-输入图像/02-fft_frames/CaoMei2/0123.jpg
124,0124.jpg,00-论文优化重构/数据管理/01-输入图像/02-fft_frames/CaoMei2/0124.jpg
125,0125.jpg,00-论文优化重构/数据管理/01-输入图像/02-fft_frames/CaoMei2/0125.jpg
126,0126.jpg,00-论文优化重构/数据管理/01-输入图像/02-fft_frames/CaoMei2/0126.jpg
127,0127.jpg,00-论文优化重构/数据管理/01-输入图像/02-fft_frames/CaoMei2/0127.jpg
128,0128.jpg,00-论文优化重构/数据管理/01-输入图像/02-fft_frames/CaoMei2/0128.jpg
129,0129.jpg,00-论文优化重构/数据管理/01-输入图像/02-fft_frames/CaoMei2/0129.jpg
130,0130.jpg,00-论文优化重构/数据管理/01-输入图像/02-fft_frames/CaoMei2/0130.jpg
131,0131.jpg,00-论文优化重构/数据管理/01-输入图像/02-fft_frames/CaoMei2/0131.jpg
132,0132.jpg,00-论文优化重构/数据管理/01-输入图像/02-fft_frames/CaoMei2/0132.jpg
133,0133.jpg,00-论文优化重构/数据管理/01-输入图像/02-fft_frames/CaoMei2/0133.jpg
134,0134.jpg,00-论文优化重构/数据管理/01-输入图像/02-fft_frames/CaoMei2/0134.jpg
135,0135.jpg,00-论文优化重构/数据管理/01-输入图像/02-fft_frames/CaoMei2/0135.jpg
136,0136.jpg,00-论文优化重构/数据管理/01-输入图像/02-fft_frames/CaoMei2/0136.jpg
137,0137.jpg,00-论文优化重构/数据管理/01-输入图像/02-fft_frames/CaoMei2/0137.jpg
138,0138.jpg,00-论文优化重构/数据管理/01-输入图像/02-fft_frames/CaoMei2/0138.jpg
139,0139.jpg,00-论文优化重构/数据管理/01-输入图像/02-fft_frames/CaoMei2/0139.jpg
140,0140.jpg,00-论文优化重构/数据管理/01-输入图像/02-fft_frames/CaoMei2/0140.jpg
141,0141.jpg,00-论文优化重构/数据管理/01-输入图像/02-fft_frames/CaoMei2/0141.jpg
142,0142.jpg,00-论文优化重构/数据管理/01-输入图像/02-fft_frames/CaoMei2/0142.jpg
143,0143.jpg,00-论文优化重构/数据管理/01-输入图像/02-fft_frames/CaoMei2/0143.jpg
144,0144.jpg,00-论文优化重构/数据管理/01-输入图像/02-fft_frames/CaoMei2/0144.jpg
145,0145.jpg,00-论文优化重构/数据管理/01-输入图像/02-fft_frames/CaoMei2/0145.jpg
146,0146.jpg,00-论文优化重构/数据管理/01-输入图像/02-fft_frames/CaoMei2/0146.jpg
147,0147.jpg,00-论文优化重构/数据管理/01-输入图像/02-fft_frames/CaoMei2/0147.jpg
148,0148.jpg,00-论文优化重构/数据管理/01-输入图像/02-fft_frames/CaoMei2/0148.jpg
149,0149.jpg,00-论文优化重构/数据管理/01-输入图像/02-fft_frames/CaoMei2/0149.jpg
150,0150.jpg,00-论文优化重构/数据管理/01-输入图像/02-fft_frames/CaoMei2/0150.jpg
151,0151.jpg,00-论文优化重构/数据管理/01-输入图像/02-fft_frames/CaoMei2/0151.jpg
152,0152.jpg,00-论文优化重构/数据管理/01-输入图像/02-fft_frames/CaoMei2/0152.jpg
153,0153.jpg,00-论文优化重构/数据管理/01-输入图像/02-fft_frames/CaoMei2/0153.jpg
154,0154.jpg,00-论文优化重构/数据管理/01-输入图像/02-fft_frames/CaoMei2/0154.jpg
155,0155.jpg,00-论文优化重构/数据管理/01-输入图像/02-fft_frames/CaoMei2/0155.jpg
156,0156.jpg,00-论文优化重构/数据管理/01-输入图像/02-fft_frames/CaoMei2/0156.jpg
157,0157.jpg,00-论文优化重构/数据管理/01-输入图像/02-fft_frames/CaoMei2/0157.jpg
158,0158.jpg,00-论文优化重构/数据管理/01-输入图像/02-fft_frames/CaoMei2/0158.jpg
159,0159.jpg,00-论文优化重构/数据管理/01-输入图像/02-fft_frames/CaoMei2/0159.jpg
160,0160.jpg,00-论文优化重构/数据管理/01-输入图像/02-fft_frames/CaoMei2/0160.jpg
161,0161.jpg,00-论文优化重构/数据管理/01-输入图像/02-fft_frames/CaoMei2/0161.jpg
162,0162.jpg,00-论文优化重构/数据管理/01-输入图像/02-fft_frames/CaoMei2/0162.jpg
163,0163.jpg,00-论文优化重构/数据管理/01-输入图像/02-fft_frames/CaoMei2/0163.jpg
164,0164.jpg,00-论文优化重构/数据管理/01-输入图像/02-fft_frames/CaoMei2/0164.jpg
165,0165.jpg,00-论文优化重构/数据管理/01-输入图像/02-fft_frames/CaoMei2/0165.jpg
166,0166.jpg,00-论文优化重构/数据管理/01-输入图像/02-fft_frames/CaoMei2/0166.jpg
167,0167.jpg,00-论文优化重构/数据管理/01-输入图像/02-fft_frames/CaoMei2/0167.jpg
168,0168.jpg,00-论文优化重构/数据管理/01-输入图像/02-fft_frames/CaoMei2/0168.jpg
169,0169.jpg,00-论文优化重构/数据管理/01-输入图像/02-fft_frames/CaoMei2/0169.jpg
170,0170.jpg,00-论文优化重构/数据管理/01-输入图像/02-fft_frames/CaoMei2/0170.jpg
171,0171.jpg,00-论文优化重构/数据管理/01-输入图像/02-fft_frames/CaoMei2/0171.jpg
172,0172.jpg,00-论文优化重构/数据管理/01-输入图像/02-fft_frames/CaoMei2/0172.jpg
173,0173.jpg,00-论文优化重构/数据管理/01-输入图像/02-fft_frames/CaoMei2/0173.jpg
174,0174.jpg,00-论文优化重构/数据管理/01-输入图像/02-fft_frames/CaoMei2/0174.jpg
175,0175.jpg,00-论文优化重构/数据管理/01-输入图像/02-fft_frames/CaoMei2/0175.jpg
176,0176.jpg,00-论文优化重构/数据管理/01-输入图像/02-fft_frames/CaoMei2/0176.jpg
177,0177.jpg,00-论文优化重构/数据管理/01-输入图像/02-fft_frames/CaoMei2/0177.jpg
178,0178.jpg,00-论文优化重构/数据管理/01-输入图像/02-fft_frames/CaoMei2/0178.jpg
179,0179.jpg,00-论文优化重构/数据管理/01-输入图像/02-fft_frames/CaoMei2/0179.jpg
180,0180.jpg,00-论文优化重构/数据管理/01-输入图像/02-fft_frames/CaoMei2/0180.jpg
181,0181.jpg,00-论文优化重构/数据管理/01-输入图像/02-fft_frames/CaoMei2/0181.jpg
182,0182.jpg,00-论文优化重构/数据管理/01-输入图像/02-fft_frames/CaoMei2/0182.jpg
183,0183.jpg,00-论文优化重构/数据管理/01-输入图像/02-fft_frames/CaoMei2/0183.jpg
184,0184.jpg,00-论文优化重构/数据管理/01-输入图像/02-fft_frames/CaoMei2/0184.jpg
185,0185.jpg,00-论文优化重构/数据管理/01-输入图像/02-fft_frames/CaoMei2/0185.jpg
186,0186.jpg,00-论文优化重构/数据管理/01-输入图像/02-fft_frames/CaoMei2/0186.jpg
187,0187.jpg,00-论文优化重构/数据管理/01-输入图像/02-fft_frames/CaoMei2/0187.jpg
188,0188.jpg,00-论文优化重构/数据管理/01-输入图像/02-fft_frames/CaoMei2/0188.jpg
189,0189.jpg,00-论文优化重构/数据管理/01-输入图像/02-fft_frames/CaoMei2/0189.jpg
190,0190.jpg,00-论文优化重构/数据管理/01-输入图像/02-fft_frames/CaoMei2/0190.jpg
191,0191.jpg,00-论文优化重构/数据管理/01-输入图像/02-fft_frames/CaoMei2/0191.jpg
192,0192.jpg,00-论文优化重构/数据管理/01-输入图像/02-fft_frames/CaoMei2/0192.jpg
193,0193.jpg,00-论文优化重构/数据管理/01-输入图像/02-fft_frames/CaoMei2/0193.jpg
194,0194.jpg,00-论文优化重构/数据管理/01-输入图像/02-fft_frames/CaoMei2/0194.jpg
195,0195.jpg,00-论文优化重构/数据管理/01-输入图像/02-fft_frames/CaoMei2/0195.jpg
196,0196.jpg,00-论文优化重构/数据管理/01-输入图像/02-fft_frames/CaoMei2/0196.jpg
197,0197.jpg,00-论文优化重构/数据管理/01-输入图像/02-fft_frames/CaoMei2/0197.jpg
198,0198.jpg,00-论文优化重构/数据管理/01-输入图像/02-fft_frames/CaoMei2/0198.jpg
199,0199.jpg,00-论文优化重构/数据管理/01-输入图像/02-fft_frames/CaoMei2/0199.jpg
200,0200.jpg,00-论文优化重构/数据管理/01-输入图像/02-fft_frames/CaoMei2/0200.jpg
201,0201.jpg,00-论文优化重构/数据管理/01-输入图像/02-fft_frames/CaoMei2/0201.jpg
202,0202.jpg,00-论文优化重构/数据管理/01-输入图像/02-fft_frames/CaoMei2/0202.jpg
203,0203.jpg,00-论文优化重构/数据管理/01-输入图像/02-fft_frames/CaoMei2/0203.jpg
204,0204.jpg,00-论文优化重构/数据管理/01-输入图像/02-fft_frames/CaoMei2/0204.jpg
205,0205.jpg,00-论文优化重构/数据管理/01-输入图像/02-fft_frames/CaoMei2/0205.jpg
206,0206.jpg,00-论文优化重构/数据管理/01-输入图像/02-fft_frames/CaoMei2/0206.jpg
207,0207.jpg,00-论文优化重构/数据管理/01-输入图像/02-fft_frames/CaoMei2/0207.jpg
208,0208.jpg,00-论文优化重构/数据管理/01-输入图像/02-fft_frames/CaoMei2/0208.jpg
209,0209.jpg,00-论文优化重构/数据管理/01-输入图像/02-fft_frames/CaoMei2/0209.jpg
