图像,重提示分数,IoU下降,面积变化,SSIM下降,边界变化,是否标记,几何分数,几何标记,最终重提示标记
0000.jpg,0.0,0.0,0.0,0.0,0.0,0,0.6699054621848739,low,1
0001.jpg,0.13585004896722536,0.16347076205677935,0.005928024673400002,0.23288099902646608,0.1262201754825737,0,0.6886334610472542,low,1
0002.jpg,0.13206761011612014,0.1660952669321487,0.005504339133514506,0.24051506363775987,0.08286277331366333,0,0.6854910714285715,low,1
0003.jpg,0.19451520675635742,0.30427183878150343,0.0738231183910645,0.26345316529208307,0.024673281746962282,0,0.6588145896656535,low,1
0004.jpg,0.1459269921177014,0.17076077434564108,0.05346716909460576,0.26549330861504095,0.0428040111287692,0,0.6696574225122349,low,1
0005.jpg,0.12442085666289003,0.14793331878855198,0.005290140664551848,0.27091254980355595,0.023956816465799335,0,0.6715780482596626,low,1
0006.jpg,0.17041096684116439,0.21787106458676242,0.07126574517591762,0.2674640603942857,0.06315761895497823,0,0.5085287846481876,low,1
0007.jpg,0.2816085305388775,0.37763724951829514,0.06670936682752449,0.25455461299614845,0.4607966550103734,0,0.28859857482185275,low,1
0008.jpg,0.33599346299300514,0.37297154800685406,0.1407749310619069,0.2748578070755543,0.6769682443749394,0,0.7201982651796778,ok,0
0009.jpg,0.23134167575521605,0.22675115151417036,0.097008750268763,0.27024185165958536,0.40110748162112886,0,0.31751054852320676,low,1
0010.jpg,0.17210276581278283,0.25393946779747134,0.03315246671284538,0.2514252653505582,0.0805301271187797,0,0.31440588853838064,low,1
0011.jpg,0.3212056142655295,0.1894867877000883,0.1584772790762641,0.26106367520573026,1.125954863930884,0,0.674984783931832,low,1
0012.jpg,0.11181129610035627,0.11040846034874507,0.004591714216530039,0.26740967243324487,0.03445325543901172,0,0.689677213167146,low,1
0013.jpg,0.13191224752293645,0.1303975513935417,0.06091768591206007,0.2509107407834017,0.055439985742209354,0,0.5750273822562979,low,1
0014.jpg,0.17218044513140493,0.14938612530875883,0.05222097849367309,0.23722349754086158,0.3168945484313711,0,0.40875420875420876,low,1
0015.jpg,0.15000691374363126,0.20985647348951908,0.03928077392878527,0.2266049772928842,0.06723806811254822,0,0.4249485949280329,low,1
0016.jpg,0.18268482887817974,0.15914633160841463,0.09359717231961275,0.23650659049426925,0.29638448074509427,0,0.5621375310687655,low,1
0017.jpg,0.2267200494584704,0.20497871381995547,0.07735453386868577,0.23705223329567848,0.509172052202633,0,0.30927835051546393,low,1
0018.jpg,0.3433822405098115,0.33978056137027957,0.06270367119846801,0.23513250492238658,1.0435820833682266,0,0.49358288770053477,low,1
0019.jpg,0.17598095771963485,0.1989352824686359,0.041444110449058554,0.25443302709994475,0.21589549645574319,0,0.5873015873015873,low,1
0020.jpg,0.2057238181020624,0.21640987275318757,0.12561713482901282,0.2559365820728061,0.23061288941994681,0,0.394554191137213,low,1
0021.jpg,0.20633415801304034,0.25565924663988115,0.049941310654884476,0.2537379178521687,0.27289076374879095,0,0.642998678996037,low,1
0022.jpg,0.13472488027663673,0.1486209800037558,0.06597515187310164,0.26431800027962093,0.0008949949142771498,0,0.6476923076923077,low,1
0023.jpg,0.18702380889188347,0.21355350280279706,0.1093184884909186,0.2813409326243299,0.09743485088061593,0,0.5850796311818944,low,1
0024.jpg,0.265343692068409,0.29929613995126236,0.12959056379882145,0.26961246342683876,0.40526190852701427,0,0.3599695585996956,low,1
0025.jpg,0.1720466090119949,0.26677718258632,0.04059588797678891,0.26716603494478586,0.011560762509261406,0,0.4314236111111111,low,1
0026.jpg,0.29045582646561524,0.20185463998266218,0.19489841051223064,0.2643438774085055,0.6999742032766629,0,0.6524764633647155,low,1
0027.jpg,0.22398357210142156,0.18516076242344714,0.059217184732595636,0.26760131775874396,0.5164845308692012,0,0.44914400805639476,low,1
0028.jpg,0.5362549733978393,0.9990381458766066,0.375134939954055,0.24642582097082566,0.20800954739871302,1,0.07159904534606205,low,1
0029.jpg,0.17610329616610093,0.22456071833439328,0.047215209295189284,0.2255018149392013,0.19551859126977109,0,0.05542590431738623,low,1
0030.jpg,0.16186137222882255,0.23803805242215537,0.04017916604826225,0.22747056145341438,0.07757081337099345,0,0.04400484457004441,low,1
0031.jpg,0.21844564263652164,0.31061381519074027,0.17102670340780676,0.22827168337364567,0.06604140416266305,0,0.038749449581682076,low,1
0032.jpg,0.732502087510726,0.9884174791132687,1.635638596801695,0.22470118871046374,0.5358711509564404,1,0.6519774011299435,low,1
0033.jpg,0.39998601680228035,0.7337444078789513,0.3001135996573864,0.23526318667653445,0.06220851640778114,0,0.3042128603104213,low,1
0034.jpg,0.42816175220835856,0.5482334040228777,0.5356346485928676,0.22328996943770463,0.31032604195138885,0,0.2669735327963176,low,1
0035.jpg,0.6115255195242133,0.6669084246287743,1.50993743561396,0.21740049361379676,0.4917163166712877,1,0.5510606808090774,low,1
0036.jpg,0.1737333567029933,0.23604854124433017,0.033458022306089734,0.2275746774671037,0.17238794882786254,0,0.7236220472440945,ok,0
0037.jpg,0.13498881130143564,0.14274990367221463,0.09605464112700551,0.2273805928005591,0.027783576895129173,0,0.7380597014925373,ok,0
0038.jpg,0.12370571838569418,0.15900880402940387,0.029852203493155486,0.23445047005989694,0.013179790580931466,0,0.7296831955922864,ok,0
0039.jpg,0.6467655574762038,0.9875677524014103,0.6082506237734705,0.23449949185358265,0.6028621015263127,1,0.007213706041478809,low,1
0040.jpg,0.531536948796753,0.45573822347757476,0.8141774515424642,0.23000759724757391,0.7398820558806153,1,0.020097020097020097,low,1
0041.jpg,0.5285377522197635,0.8041040058923115,0.4971212958485874,0.26464003629961763,0.3777401141360219,1,0.009846827133479213,low,1
0042.jpg,0.17850109193504096,0.2684855649381802,0.10375780801972476,0.23143049664645665,0.004893786934216912,0,0.0057777777777777775,low,1
0043.jpg,0.7996661414012137,1.0,1.8753026912702304,0.24507916594774792,0.9226423327618449,1,0.6416061512174285,low,1
0044.jpg,0.5459788496709329,0.7449991273601675,0.7063940588808298,0.2102664172220211,0.3737602404610771,1,0.1353001017293998,low,1
0045.jpg,0.23851651181323025,0.42645332543702874,0.02594732470691816,0.18657629992461666,0.24084627834924321,0,0.16910785619174434,low,1
0046.jpg,0.25756697705169496,0.5450845403460329,0.06054023924122316,0.20390035201071421,0.00451493411732713,0,0.19307654802535348,low,1
0047.jpg,0.19339170443416093,0.3179388233728647,0.10916311062723956,0.17001276388762598,0.08212765083294606,0,0.199698568198945,low,1
0048.jpg,0.09421239294335278,0.11478811481918805,0.053489430356182394,0.1566073222557689,0.010082430690994256,0,0.1951129211403184,low,1
0049.jpg,0.5969637132278195,0.7388225157476707,1.783104745721568,0.21096761763209426,0.23755952205407482,1,0.673697804563065,low,1
0050.jpg,0.5246257177662486,0.7419659791405468,0.6395782560734717,0.19600824549237894,0.3736066645039632,1,0.15497630331753554,low,1
0051.jpg,0.18323986498227715,0.22523452797287946,0.054909036556200844,0.2034858307233931,0.26539375581247254,0,0.2721788502484031,low,1
0052.jpg,0.16266352030127193,0.2566441708042406,0.024261662957565603,0.20777817228626327,0.09885401139220341,0,0.28524590163934427,low,1
0053.jpg,0.12445465939587078,0.13933669556009587,0.015532745601200064,0.20397137341621074,0.13873857463656344,0,0.3135156559651209,low,1
0054.jpg,0.5814943617937595,0.6487274083347762,1.672925920696808,0.21078813949213515,0.3449515600236934,1,0.6309217774513405,low,1
0055.jpg,0.22079115941607394,0.22550607904279196,0.10707189728379,0.2236059724444186,0.39463042879363075,0,0.3263069139966273,low,1
0056.jpg,0.30604705113124453,0.2735940628589685,0.14739363162437108,0.22305583492476455,0.784511749955478,0,0.5241080038572806,low,1
0057.jpg,0.13906916058274232,0.18288134536930056,0.004301592673279846,0.23943621358027356,0.09417492093399182,0,0.5663675011809164,low,1
0058.jpg,0.17009069447227843,0.24235336910487737,0.002812885833954083,0.2727683464957591,0.10914471468762044,0,0.5854758682904826,low,1
0059.jpg,0.1433276643192382,0.15789428599050137,0.013007189990245317,0.27808884913043064,0.10193769628262506,0,0.5138522427440633,low,1
0060.jpg,0.14651137974465858,0.11859510434569742,0.03677946630254089,0.2714101666659219,0.18637123321032523,0,0.49772579597141,low,1
0061.jpg,0.15728264112171758,0.17418126139720425,0.05792070822214142,0.2677366623669498,0.09936571323615527,0,0.46404715127701374,low,1
0062.jpg,0.2349159042796598,0.2616299592750547,0.13469366700564467,0.25332444397620724,0.30893927191951803,0,0.3333333333333333,low,1
0063.jpg,0.1771420786159481,0.2052723787847025,0.04141749798592784,0.25104063524039744,0.21454808489813945,0,0.4666666666666667,low,1
0064.jpg,0.13778644870853374,0.19371449601405621,0.009279793796897876,0.2700896909298983,0.0009600261461001283,0,0.4056482670089859,low,1
0065.jpg,0.17546380108899579,0.173653483801543,0.08172846761599453,0.2524908545843677,0.20753500805576783,0,0.4925438596491228,low,1
0066.jpg,0.1666612510620015,0.1880889829494845,0.03494742625177413,0.2567162763951699,0.18609454245297272,0,0.3831258644536653,low,1
0067.jpg,0.17849839705414408,0.19297385262788758,0.08605405063491303,0.2537187755958742,0.1734289471779109,0,0.4952107279693487,low,1
0068.jpg,0.11970667307057375,0.14117434811566332,0.004707420630529322,0.2584222782277954,0.030088176770069454,0,0.45723053317990026,low,1
0069.jpg,0.15216285152357498,0.17609622630943145,0.0011484079554681763,0.24906714726427204,0.1865018900689262,0,0.46410684474123537,low,1
0070.jpg,0.2596975099164914,0.20901561929387868,0.12957886430721569,0.2558474317671642,0.601236460966926,0,,,0
0071.jpg,0.3014038310070425,0.16844677783009798,0.09609444250449913,0.27369539256153386,1.71191115624121,0,0.46078813889972686,low,1
0072.jpg,0.27561690310983233,0.20709921477839566,0.15909842794652812,0.2785885639774306,0.6247361997093611,0,,,0
0073.jpg,0.17322925240106452,0.12473217325136665,0.046868283584807956,0.2753093580784468,0.32685720898181675,0,0.25156110615521854,low,1
0074.jpg,0.21537972150572396,0.24170368122281838,0.04622973067019288,0.27475653405956146,0.3369124459686596,0,0.316622691292876,low,1
0075.jpg,0.15223254750619292,0.2140056835252513,0.026546111875156896,0.2801297259621549,0.004410658753513461,0,0.3670774647887324,low,1
0076.jpg,0.17408197380054907,0.2539453339458382,0.019616260647276645,0.3016785355351387,0.03251605249267928,0,0.325085910652921,low,1
0077.jpg,0.1499655010684378,0.17399303044810555,0.04219077443227959,0.28939054794993,0.041150732106989864,0,0.402104032729398,low,1
0078.jpg,0.48989937596184957,0.6750254374064371,0.6183185508828309,0.2777450429355379,0.19749716276669632,0,0.13312532501300053,low,1
0079.jpg,0.1381269623792283,0.16174892099831117,0.0436639013927554,0.2734930840794072,0.01483729107852503,0,0.14335260115606938,low,1
0080.jpg,0.5674988651936137,0.6592754032114212,1.453087476768225,0.2632735921018987,0.13956050696094408,1,0.23916408668730652,low,1
0081.jpg,0.21841868590585312,0.34514395460093594,0.051808531467340754,0.2553132546490414,0.13891903510953338,0,0.25206301575393847,low,1
0082.jpg,0.2634157039035424,0.30999798044078697,0.08856847870000445,0.2518748033649081,0.4653706015535922,0,0.5150195907705704,low,1
0083.jpg,0.1291070582176735,0.13364663881144012,0.051191668137454724,0.24231153874651612,0.05969955275117821,0,0.4835164835164835,low,1
0084.jpg,0.545043958804482,0.775676294199341,0.6421240021139885,0.2954712654390641,0.2610562596429961,1,0.1546468401486989,low,1
0085.jpg,0.17621663248521316,0.28348183408600836,0.049505479558526355,0.2125409987688578,0.07657580648842789,0,0.12816691505216096,low,1
0086.jpg,0.2564298952016079,0.4451949198708248,0.021231491295875468,0.23230549807875578,0.24818283935440955,0,0.20443037974683545,low,1
0087.jpg,0.294084359485208,0.4943514968709477,0.06334925714078518,0.24892619454691878,0.28661648438966913,0,,,0
0088.jpg,0.24526035309942434,0.34918991422621215,0.036766235840063444,0.2384416142466147,0.361612803990537,0,0.18802966101694915,low,1
0089.jpg,0.2166774772309705,0.4347799070869077,0.0013208559893585319,0.22920241706304,0.04582460991635453,0,0.24888035828534869,low,1
0090.jpg,0.19145870763891365,0.22463109278491333,0.05618959490026734,0.20028147920099426,0.324800377592524,0,,,0
0091.jpg,0.26113415550179314,0.32304482141889324,0.1450019559393709,0.2417906997503958,0.34246869388492573,0,0.13397299218194741,low,1
0092.jpg,0.5727233454840411,0.643209552594666,1.6225868391918075,0.23839402942793053,0.25334329812616957,1,0.256993006993007,low,1
0093.jpg,0.4105990206200738,0.5505617612571498,0.5282952907691953,0.2347934062167697,0.1808681995572003,0,0.11467410247472987,low,1
0094.jpg,0.2759037054027617,0.44833385703468276,0.10608136925195955,0.23498686663888724,0.224798643119407,0,0.125,low,1
0095.jpg,0.38944068425216366,0.4156215490093236,0.2627189087196862,0.25079233775901466,0.7706355365281682,0,0.25101419878296144,low,1
0096.jpg,0.1487916334822241,0.14951035747517905,0.05080808864571002,0.22174075941717697,0.18883864233459785,0,0.2827356130108424,low,1
0097.jpg,0.6457053904877238,0.8415378160239554,1.1764676458117964,0.2536423811315487,0.251710397309682,1,0.36247723132969034,low,1
0098.jpg,0.4318785719176869,0.7110743444231838,0.1135861945938019,0.25836350938203523,0.6001008358374224,0,0.620824295010846,low,1
0099.jpg,0.14457994828624054,0.21358321523009138,0.048962375038819964,0.1960018424916825,0.05723179048721949,0,0.7021121631463948,ok,0
0100.jpg,0.25843381526100634,0.3997373839863917,0.009608970371092108,0.23277434372036943,0.3861993489526926,0,0.4624591947769314,low,1
0101.jpg,0.48359469468625804,0.5256445967068041,0.31353610642989194,0.2897125834011175,0.9920460892074955,0,0.7793858100953053,ok,0
0102.jpg,0.12169012482545012,0.09809678954742607,0.00433641172879967,0.25475338440637196,0.15055866300038728,0,0.7809098200985447,ok,0
0103.jpg,0.11996222713976447,0.13432306485231293,0.01285669466809792,0.2706398309438762,0.013833486923076023,0,0.766076421248835,ok,0
0104.jpg,0.14634275161680751,0.15750448295247044,0.08018573137787105,0.2443782046633729,0.06716799048754583,0,0.6596045197740112,low,1
0105.jpg,0.15425712295278501,0.18034048046169437,0.05968200893870504,0.23878337284524853,0.11014406230135727,0,0.6948329448329449,low,1
0106.jpg,0.16545035770070599,0.21596400053960652,0.03036566000988421,0.25681790214123856,0.12044711316042017,0,0.7789291882556131,ok,0
0107.jpg,0.1655517252988877,0.2119120934912322,0.08080884768508899,0.24900603720854553,0.059525142356985285,0,0.78840820854132,ok,0
0108.jpg,0.14782699718978481,0.22679750148456357,0.030704591524029098,0.2295656139012442,0.02253546875912832,0,0.6461670480549199,low,1
0109.jpg,0.14940992972578115,0.20210716298848141,0.011325211514539227,0.24494472943283097,0.0973662496198007,0,0.7083798882681565,ok,0
0110.jpg,0.19195960594127792,0.23745997317509515,0.09361117261675107,0.2539352555101889,0.1464133886550642,0,0.5805142083897158,low,1
0111.jpg,0.21442241692684072,0.28272539815568254,0.07255774888620002,0.26305602665603545,0.21043389124528644,0,0.6194125159642401,low,1
0112.jpg,0.2140522392743697,0.32345796691470385,0.0063727794108797906,0.25845104437516686,0.23090663271807815,0,0.5337403598971723,low,1
0113.jpg,0.2535574006532599,0.37664520302255156,0.11636416603738871,0.2508891396288514,0.19945502119204528,0,0.3864101514531314,low,1
0114.jpg,0.26295313256587943,0.2560478957953223,0.11818435905729391,0.24951266330251543,0.5427474229837621,0,0.6364833717484359,low,1
0115.jpg,0.18229229185710208,0.11328725644845361,0.01889773934618523,0.2274368042913859,0.5403874412716703,0,0.44905320108205593,low,1
0116.jpg,0.15516227320535547,0.2687091697851788,0.006987710318312303,0.22359338357704095,0.023125268711363955,0,0.41878453038674035,low,1
0117.jpg,0.18276515535357196,0.21073053183250645,0.0032432820880054355,0.25260369527175397,0.3003181658150323,0,0.437827536922344,low,1
0118.jpg,0.1514833661975819,0.20192868155025712,0.021778244649196154,0.26214189909201135,0.06552194479793366,0,0.49348140994688555,low,1
0119.jpg,0.12429859320225826,0.15060871818309407,0.006534887103812793,0.23938113749992784,0.06737690458160128,0,0.5511732401397903,low,1
0120.jpg,0.1863166354209076,0.29882142800184996,0.056357037666586215,0.23500026977985367,0.05926539172433433,0,0.5979899497487438,low,1
0121.jpg,0.1696530374088714,0.25818105403031577,0.09080696382575948,0.21324950811232113,0.02183700342493817,0,0.655829596412556,low,1
0122.jpg,0.1299307564668972,0.17978999305971177,0.03457098018869995,0.19956773685205476,0.05646386423872923,0,0.6135629709364908,low,1
0123.jpg,0.1532188234016251,0.21604845745294443,0.029077372838543964,0.21211275604406488,0.11536220714961574,0,0.44238856181665265,low,1
0124.jpg,0.13851773283139576,0.15407806906280574,0.08993824346990914,0.20633405587796705,0.0701488921496312,0,0.470517448856799,low,1
0125.jpg,0.3069091149483786,0.5721226694322202,0.17957669526429937,0.22861501007198848,0.030788362086863554,0,0.36635706914344685,low,1
0126.jpg,0.27162489380848337,0.5481126541011222,0.057499679333393554,0.23978916943128725,0.03642168454613643,0,0.48089591567852435,low,1
0127.jpg,0.1718472096639874,0.238121189156712,0.033881002077131836,0.22614227544203203,0.15665982719564822,0,0.48045486851457003,low,1
0128.jpg,0.13516815854668646,0.153949870947083,0.05986219002199972,0.21394539413839697,0.08555871783405497,0,0.536734693877551,low,1
0129.jpg,0.1488322403297661,0.16054178060384972,0.08901924150521826,0.20241417340949952,0.1318950892649285,0,0.5881104033970276,low,1
0130.jpg,0.37263129126382916,0.6971155555090903,0.30849301495413994,0.20107123656336479,0.008331893041809063,0,0.6015037593984962,low,1
0131.jpg,0.18522926069012421,0.14355452589773288,0.062243176480633294,0.16662557987397064,0.5184532502484449,0,0.5647509578544061,low,1
0132.jpg,0.17316962570915295,0.14819652224915414,0.06843834280290151,0.17645247744050319,0.40052091907398557,0,,,0
0133.jpg,0.32729709638513926,0.4170572353098786,0.25689016966219386,0.2183793267298495,0.4167312661911397,0,0.513869625520111,low,1
0134.jpg,0.1413143664635697,0.09680981489031582,0.059051273678607664,0.19322669167878326,0.2957429327507429,0,,,0
0135.jpg,0.30496285077354013,0.5693190725824303,0.021304010608221454,0.21313282212186446,0.31394644791445375,0,0.453781512605042,low,1
0136.jpg,0.24327555833253242,0.30713051694640436,0.25472207231516464,0.21345718127094548,0.12490042669842251,0,0.32977850697292865,low,1
0137.jpg,0.12608039499975887,0.18418046083270834,0.012874515767583871,0.21767843009533017,0.026526648283882934,0,0.350541215653622,low,1
0138.jpg,0.2905680804358623,0.34605681812777256,0.32350627955322486,0.2218423156490401,0.22074030193717106,0,,,0
0139.jpg,0.3261780207483739,0.38983084750021724,0.1422820544071586,0.2689970786197645,0.5794496057771139,0,0.6968690702087287,low,1
0140.jpg,0.15711024031744267,0.18247219965576078,0.04476309310804069,0.2535111253610165,0.12450943880441392,0,0.5952566096423018,low,1
0141.jpg,0.15991750651697145,0.20450814072116374,0.04099661506913928,0.2701604741319005,0.07033589976202813,0,0.6443433029908973,low,1
0142.jpg,0.13830929239804848,0.12926368965012858,0.026943031618692416,0.2645089738690961,0.13469333099037567,0,0.6456514710636923,low,1
0143.jpg,0.17764055615413957,0.14275058549074515,0.0018376070306347857,0.24109033018309078,0.44630577952631584,0,0.6020321761219306,low,1
0144.jpg,0.14811120433460964,0.08845390629009353,0.022628867417794508,0.21724480267073087,0.3812261307396372,0,0.6469194312796208,low,1
0145.jpg,0.23028949968768045,0.3934037786396597,0.05571342283215621,0.2788127064192413,0.059777632339667916,0,0.7112380952380952,ok,0
0146.jpg,0.1442917408945848,0.15784480718268268,0.00995135050549651,0.23086690079554173,0.1922766370359087,0,0.6672045179507866,low,1
0147.jpg,0.10607826811900578,0.08266230023860954,0.009405744630858052,0.22053421410187868,0.13107648901538846,0,0.7639353400222966,ok,0
0148.jpg,0.14393137933628644,0.1584561130222193,0.03649228373163031,0.22805820913549923,0.1488941104115154,0,0.7824548991864166,ok,0
0149.jpg,0.135999260199576,0.15625494493183867,0.08952620715423204,0.224858241681954,0.01809278176257309,0,0.8232828119961303,ok,0
0150.jpg,0.17368075130496521,0.19760531821618943,0.14242673196557307,0.24054350051876627,0.058508878721427175,0,0.7884986491702045,ok,0
0151.jpg,0.12600363249263244,0.14940556461876464,0.0057423790360421195,0.20364956799521028,0.14242465412167815,0,0.7078947368421052,ok,0
0152.jpg,0.17987858275707858,0.22548250269326942,0.08585561699729628,0.22787451156946437,0.15018116448496072,0,0.571993670886076,low,1
0153.jpg,0.1205958670868012,0.16371569928128493,0.03227050246278277,0.2025809341723548,0.030550087863780613,0,0.4781659388646288,low,1
0154.jpg,0.2769876171827403,0.5515173227577119,0.07178303673861423,0.23044912294470954,0.0559900953114013,0,0.5718349928876245,low,1
0155.jpg,0.11990994615282465,0.171505259742334,0.04617909343067794,0.16726661033858126,0.043477862004619734,0,0.5788590604026845,low,1
0156.jpg,0.33676980653118593,0.595611794313144,0.18378920504574411,0.21013063517181219,0.1988381231146431,0,0.5686015831134564,low,1
0157.jpg,0.24874881145012812,0.272840139844712,0.22961341698953064,0.22547112145421166,0.26322418595695557,0,0.6717885679164106,low,1
0158.jpg,0.1613559393615564,0.20365906099738085,0.14189522113609032,0.2042060323524274,0.023666364268957872,0,0.6464026770775237,low,1
0159.jpg,0.357476653124781,0.5507061913649294,0.3763556650830939,0.2472669444369221,0.058825558447011206,0,0.3778409090909091,low,1
0160.jpg,0.274081584423963,0.5579138787307771,0.021786766743067218,0.21201816401026619,0.135736627865718,0,0.37862468931234466,low,1
0161.jpg,0.4598495781797751,0.5181455629790004,0.4444964832708867,0.21298691179627427,0.760851882468898,0,0.6169171618315274,low,1
0162.jpg,0.41980372137092337,0.7539862332276651,0.10402860810423904,0.2390319961552817,0.4676225911757359,0,0.39655172413793105,low,1
0163.jpg,0.22649830312796365,0.38965120777099627,0.09709906928120057,0.2082916036437531,0.09181808117917695,0,0.2548262548262548,low,1
0164.jpg,0.35310105611300124,0.31689534774834227,0.23066411972202366,0.21002344692899233,0.8801052849221831,0,0.3183921341816079,low,1
0165.jpg,0.2504081523517114,0.2652749621129191,0.14128033975036644,0.20843503065521019,0.4675538200719702,0,0.3480738993710692,low,1
0166.jpg,0.13793042826048124,0.20382437908065276,0.02717593758758562,0.2308645096098434,0.013878558552636885,0,0.3499381734675852,low,1
0167.jpg,0.23046695501249237,0.3723493370015605,0.0066245980513044336,0.2171888793825716,0.2946087846898479,0,0.33393501805054154,low,1
0168.jpg,0.23418563836059647,0.37441916290872923,0.04823208495599504,0.22892078349735523,0.22567142819469113,0,0.3363249881908361,low,1
0169.jpg,0.07003441957393992,0.05828117334743599,0.011921928850563094,0.18498058943573648,0.002735862205082922,0,0.29706825469537335,low,1
0170.jpg,0.33511465555111264,0.409699364766557,0.16194089670282694,0.2185387611248838,0.6439997561726002,0,0.32027168234064785,low,1
0171.jpg,0.3177893136307714,0.40903048763520156,0.2788769618980164,0.2172997701891669,0.33722973291103336,0,0.5413427561837456,low,1
0172.jpg,0.5506264154374203,0.5684868437388778,1.317156029508016,0.23068632369289999,0.29322959470392107,1,0.496861419604056,low,1
0173.jpg,0.39145209211225124,0.5060367454068242,0.5706703141845543,0.22027821873947162,0.11068065325904199,0,0.5434868162140889,low,1
0174.jpg,0.19099025473121714,0.1681969662146633,0.10010039155340786,0.23056861855078592,0.3296937602002437,0,0.5891908778506717,low,1
0175.jpg,0.1659034744557717,0.22939494588358922,0.0869663368091525,0.23162397096197862,0.03978444302488471,0,0.5461760461760462,low,1
0176.jpg,0.18087629773871575,0.34354175960426503,0.030986129793235475,0.19692829465335604,0.024387171770500676,0,0.5378071833648393,low,1
0177.jpg,0.18741370771475996,0.3427432094249109,0.0287692442745859,0.19257499022092683,0.08078350528108641,0,0.5377049180327869,low,1
0178.jpg,0.21880477521324304,0.28206495990279823,0.13671338789502183,0.2012825663798925,0.23722033785690058,0,0.703023758099352,ok,0
0179.jpg,0.28853027512490004,0.40290116183047053,0.18823544130830228,0.19619257876796847,0.3427190897677844,0,0.5602893890675241,low,1
0180.jpg,0.27030124981533,0.4001252465206704,0.27608193573048834,0.21007838746148277,0.058115551567350404,0,0.26311263972484955,low,1
0181.jpg,0.24446011930145403,0.33033617836613827,0.12160260743693745,0.22634611857485454,0.2790351691357177,0,0.7610726122326001,ok,0
0182.jpg,0.09478996311555749,0.07913663201066745,0.006836316316497037,0.2126972290791378,0.08139170375276784,0,0.9218172863826644,ok,0
0183.jpg,0.12231750101401113,0.11890398080551778,0.08256868754935442,0.23029041598236555,0.016575545660999436,0,0.9456975772765246,ok,0
0184.jpg,0.12083721147904398,0.10008478689612377,0.08649067756073932,0.2120545112133403,0.07447492581253845,0,0.9510680837630222,ok,0
0185.jpg,0.08792110162149833,0.06347033624981391,0.01722918645183752,0.19750470808953013,0.080153401991477,0,0.9340419474233653,ok,0
0186.jpg,0.08954963552406837,0.0738382258336655,0.025011045333079726,0.1952142791210767,0.05766616912497565,0,0.926409081856204,ok,0
0187.jpg,0.1080804208832483,0.09735513385875483,0.04334729299453109,0.20502879494590964,0.07941401365049289,0,0.9330027325169518,ok,0
0188.jpg,0.08714305241067304,0.06710854127608323,0.007717802155575293,0.1899382958170397,0.09494025647260107,0,0.9326334208223972,ok,0
0189.jpg,0.1234247603568014,0.17230240073745884,0.043545123552362196,0.19966165675912073,0.015448166805467277,0,0.9132569558101473,ok,0
0190.jpg,0.14719275775677854,0.22985019550776542,0.060862236425282115,0.19083147072601025,0.025478416941583683,0,0.9310344827586207,ok,0
0191.jpg,0.1272372460070909,0.21636102554848302,0.021274806649234725,0.17999613406647785,0.007954345907958313,0,0.9125446200917899,ok,0
0192.jpg,0.17773205427107375,0.3439224331211217,0.03128365476134798,0.1866320598431339,0.01920182685040453,0,0.9218790552815987,ok,0
0193.jpg,0.18275895647705404,0.3277700378005308,0.0637613234487282,0.1972017369039395,0.018657854391342155,0,0.9357560025957171,ok,0
0194.jpg,0.14400974682717801,0.2257290107993002,0.019092210368562897,0.20059031328653454,0.06722641422432393,0,0.9286378428637843,ok,0
0195.jpg,0.0971177836195516,0.120436508264953,0.006909822340737634,0.2068425248958028,0.010179459451219623,0,0.959409594095941,ok,0
0196.jpg,0.21031422490847274,0.12589417259380487,0.06553865310101332,0.21525054319673564,0.6403597695080253,0,0.9495256166982923,ok,0
0197.jpg,0.10789628258131793,0.08874024688394344,0.02580689599033183,0.20983328214225982,0.11951434425859876,0,0.939916301315265,ok,0
0198.jpg,0.11569884791522873,0.13169765765346408,0.03937778674779106,0.21456768275849136,0.040788669066304725,0,0.9050179211469535,ok,0
0199.jpg,0.1334309961936321,0.16461184500809334,0.026658423311032194,0.208625141273322,0.11330639529807263,0,0.9134037367993502,ok,0
0200.jpg,0.10431402446103576,0.11691237926744569,0.01653267523432749,0.2003684525440237,0.06112939848561314,0,0.9341661039837947,ok,0
0201.jpg,0.11267550636288987,0.11077930625249455,0.05183922853500785,0.22210330368298603,0.03611410746678867,0,0.924279363258282,ok,0
0202.jpg,0.15021919503914144,0.18395481807393677,0.0022065035277053276,0.22004258674166366,0.20181824097280876,0,0.8291624958291625,ok,0
0203.jpg,0.20879343664363448,0.2845935393235305,0.005286002229871738,0.20458034895878852,0.3781274005548917,0,0.6753731343283582,low,1
0204.jpg,0.25368862862482444,0.3424482846147593,0.08728305108756822,0.19888866634515023,0.41525866434319414,0,0.8270787343635025,ok,0
0205.jpg,0.26375072630925006,0.4517799977030129,0.058462764674420416,0.21577179114091272,0.2471272543957484,0,0.9297678518953865,ok,0
0206.jpg,0.2265373599811685,0.2822265975354422,0.22227246939872683,0.20366427227263728,0.14182576950615142,0,0.6935866983372921,low,1
0207.jpg,0.32984577223827083,0.6566323705725141,0.17916889053962068,0.1848096316685045,0.06019874657239735,0,0.5177935943060499,low,1
0208.jpg,0.18447612088265347,0.33599234521873633,0.0479297890530944,0.19535724359517737,0.04038027929351885,0,0.4012251148545176,low,1
0209.jpg,0.18242162732685002,0.327026844233277,0.06583953377561115,0.20354417838094907,0.004108692040420198,0,0.33996937212863704,low,1
