图像,选择提示词,选择分数,A1s基础分数,前景面积比例,恢复细结构像素,共识启用,共识接受,共识回退IoU,共识删除像素比例,共识补回像素比例,记忆后端,记忆种子帧,记忆候选采用,重提示标记,SPNP后端,SPNP接受,SPNP原因,SPNP正框数,SPNP负框数,SPNP细化IoU
0000.jpg,A1s,1.0276163477246705,1.054711734719906,0.1289942611882716,0,1,1,0.7964,0.02586,0.00013,sam3_video,0029,0,0,sam3_if_supported,1,ok,1,10,0.988473077677979
0001.jpg,A1s,1.0147319375458819,1.0102687248644486,0.12687150366512345,0,1,1,0.7734,0.02709,0.00173,sam3_video,0029,0,0,sam3_if_supported,1,ok,1,10,0.9885786018171226
0002.jpg,A1s,1.0151413568363519,0.9789124822248998,0.1265552662037037,0,1,0,0.5949,0.03685,0.02338,sam3_video,0029,0,0,sam3_if_supported,1,ok,1,10,0.9899733257121083
0003.jpg,A1s,0.966243054597277,1.017787108535096,0.1257425491898148,0,1,0,0.5126,0.04438,0.03187,sam3_video,0029,0,0,sam3_if_supported,1,ok,1,10,0.9906305041713049
0004.jpg,A1s,0.9657316061205546,1.0464650333754597,0.12367368344907408,0,1,0,0.5239,0.04134,0.03241,sam3_video,0029,0,0,sam3_if_supported,1,ok,1,10,0.9903714174302983
0005.jpg,A1s,0.9874678148972651,1.0242793911112371,0.12017252604166667,0,1,0,0.5687,0.03486,0.02928,sam3_video,0029,0,0,sam3_if_supported,1,ok,1,10,0.9936506630738254
0006.jpg,A1s,1.025821468640009,1.0151724025775293,0.1159958526234568,0,1,0,0.6415,0.0262,0.02354,sam3_video,0029,0,0,sam3_if_supported,1,ok,1,10,0.9932004535802594
0007.jpg,A1s,1.0254590356717992,1.032782745528194,0.11471607349537037,0,1,0,0.6565,0.02422,0.02271,sam3_video,0029,0,0,sam3_if_supported,1,ok,1,10,0.9930668168838825
0008.jpg,A1s,1.0339195357738151,1.0606044848213532,0.12083514178240741,0,1,0,0.615,0.03092,0.02509,sam3_video,0029,0,0,sam3_if_supported,1,ok,1,10,0.9954901675280095
0009.jpg,A6共识,0.9616622329672075,1.0245868666806368,0.0494384162808642,0,1,0,0.4724,0.05356,0.03414,sam3_video,0029,0,0,sam3_if_supported,1,ok,1,10,0.3406438156350668
0010.jpg,A6共识,0.9507013935213818,1.0973551314196897,0.05994345582561728,0,1,0,0.4395,0.06263,0.03637,sam3_video,0029,0,0,sam3_if_supported,1,ok,1,10,0.30579234161629526
0011.jpg,A6共识,0.9429789868515451,1.099587300624815,0.0669554157021605,0,1,0,0.4385,0.06153,0.03763,sam3_video,0029,0,0,sam3_if_supported,1,ok,1,10,0.2929104014290693
0012.jpg,A6共识,0.7677244593079009,0.7338018830732063,0.0841725742669753,0,1,0,0.5602,0.0502,0.02081,sam3_video,0029,0,0,sam3_if_supported,1,ok,1,10,0.5207852659885398
0013.jpg,A6共识,0.8118676823105931,0.7887673119630636,0.08619586709104939,0,1,0,0.6345,0.04289,0.01141,sam3_video,0029,0,0,sam3_if_supported,1,ok,1,10,0.6836018038851446
0014.jpg,A1s,0.8576089176148743,0.7803621523484454,0.12094847125771604,0,1,1,0.8921,0.0125,0.00044,sam3_video,0029,0,0,sam3_if_supported,1,ok,1,10,0.9883622524299717
0015.jpg,A7记忆,0.8568446185266212,0.80309621384103,0.10818009741512345,0,1,1,0.9762,0.00255,0.0,sam3_video,0029,1,0,sam3_if_supported,1,ok,1,10,0.9763763142198364
0016.jpg,A1s,1.1497021799218932,1.1065786623700267,0.09599042727623457,0,1,1,0.9996,0.0,3e-05,sam3_video,0029,0,0,sam3_if_supported,1,ok,1,10,0.9893579742345667
0017.jpg,A1s,1.1459356857863998,1.1238292718643406,0.09012586805555556,0,1,1,0.9899,0.0,0.00091,sam3_video,0029,0,0,sam3_if_supported,1,ok,1,10,0.9901062150520373
0018.jpg,A7记忆,1.176838670983929,1.09534889734763,0.10054566936728396,0,1,1,0.9454,0.00398,0.00153,sam3_video,0029,1,0,sam3_if_supported,1,ok,1,10,0.9632820483366479
0019.jpg,A7记忆,0.887218619272218,0.868304273145875,0.10321819540895062,0,1,1,0.9546,0.00305,0.00166,sam3_video,0029,1,0,sam3_if_supported,1,ok,1,10,0.966397313464162
0020.jpg,A1s,1.1806771772436941,1.1112058320688247,0.1068602912808642,0,1,1,0.9951,0.00052,0.0,sam3_video,0029,0,0,sam3_if_supported,1,ok,1,10,0.9912516838872579
0021.jpg,A1s,0.9250409895389173,0.8610904624834009,0.11124324845679012,0,1,1,0.9588,0.00303,0.00158,sam3_video,0029,0,0,sam3_if_supported,1,ok,1,10,0.9912864041894622
0022.jpg,A1s,0.9395426735110107,0.8791667452954145,0.11697699652777778,0,1,1,0.8277,0.01189,0.00979,sam3_video,0029,0,0,sam3_if_supported,1,ok,1,10,0.9922309163767088
0023.jpg,A1s,0.9430548722550186,0.9272784640457858,0.12552131558641974,0,1,1,0.8357,0.01331,0.00856,sam3_video,0029,0,0,sam3_if_supported,1,ok,1,10,0.9924379804903163
0024.jpg,A1s,0.8541573483585373,0.8246069693265269,0.13123131269290123,0,1,1,0.8957,0.01006,0.00391,sam3_video,0029,0,0,sam3_if_supported,1,ok,1,10,0.9913430134544803
0025.jpg,A1s,0.850221532026185,0.80308446604502,0.13129159432870371,0,1,1,0.9716,0.00359,0.0001,sam3_video,0029,0,0,sam3_if_supported,1,ok,1,10,0.9906252152233502
0026.jpg,A1s,0.8355734028390961,0.809118634761767,0.12214313271604939,0,1,1,0.9888,0.00135,0.0,sam3_video,0029,0,0,sam3_if_supported,1,ok,1,10,0.9888974873260791
0027.jpg,A7记忆,0.8766835263110019,0.8485616222107224,0.10797417534722223,0,1,1,0.9992,9e-05,0.0,sam3_video,0029,1,0,sam3_if_supported,1,ok,1,10,0.9869856504162986
0028.jpg,A7记忆,1.0976533001484092,1.0818589498011952,0.10313765914351852,0,1,1,0.9966,6e-05,0.00028,sam3_video,0029,1,0,sam3_if_supported,1,ok,1,10,0.9848812120263405
0029.jpg,A7记忆,1.146089202118906,1.1397101101144498,0.10529706790123457,0,1,1,0.9966,9e-05,0.00026,sam3_video,0029,1,0,sam3_if_supported,1,ok,1,10,0.9851909524436532
0030.jpg,A1s,0.8903683618428084,0.8773302857167601,0.11079246238425926,0,1,1,0.9964,0.00028,0.00012,sam3_video,0029,0,0,sam3_if_supported,1,ok,1,10,0.9895980238530513
0031.jpg,A7记忆,0.8276227036753356,0.8117338766782723,0.11324254918981481,0,1,1,0.9968,0.0002,0.00016,sam3_video,0029,1,0,sam3_if_supported,1,ok,1,10,0.9930563973654717
0032.jpg,A7记忆,0.8202510725072686,0.6429486167146474,0.1152907986111111,0,1,1,0.834,0.02464,0.00143,sam3_video,0029,1,0,sam3_if_supported,1,ok,1,10,0.9865551258647948
0033.jpg,A6共识,0.7431268302171282,0.6865558005302927,0.12713457272376544,0,1,1,0.9183,0.01153,0.00099,sam3_video,0029,0,0,sam3_if_supported,1,ok,1,10,0.8651463584654767
0034.jpg,A6共识,0.7618834238660385,0.7149016869201613,0.12617561246141976,0,1,1,0.9639,0.00412,0.00073,sam3_video,0029,0,0,sam3_if_supported,1,ok,1,10,0.9507091973936571
0035.jpg,A1s,0.7920471465196254,0.7630121064043734,0.11972993827160494,0,1,1,0.992,0.00015,0.0008,sam3_video,0029,0,0,sam3_if_supported,1,ok,1,10,0.9888781592019261
0036.jpg,A1s,0.7907315218727337,0.7770213658340421,0.12213336709104938,0,1,1,0.9904,0.00012,0.00105,sam3_video,0029,0,0,sam3_if_supported,1,ok,1,10,0.9902253731623217
0037.jpg,A1s,0.8048338282217484,0.7579369212555717,0.1259297839506173,0,1,1,0.9632,0.00224,0.00243,sam3_video,0029,0,0,sam3_if_supported,1,ok,1,10,0.9887928525474097
0038.jpg,A1s,0.7779832991263839,0.7177022345760357,0.11685848283179012,0,1,1,0.8982,0.00466,0.00788,sam3_video,0029,0,0,sam3_if_supported,1,ok,1,10,0.9866984152203226
0039.jpg,A1s,0.7491201319388157,0.6844447301363334,0.09124903549382717,0,1,1,0.8897,0.00152,0.00948,sam3_video,0029,0,0,sam3_if_supported,1,ok,1,10,0.9893480397856396
0040.jpg,A1s,0.7285695324143643,0.673496727886544,0.08415111400462963,0,1,1,0.9143,4e-05,0.00774,sam3_video,0029,0,0,sam3_if_supported,1,ok,1,10,0.9869352306070053
0041.jpg,A1s,0.6945851782005974,0.5988739107288636,0.08200761959876543,0,1,1,0.8663,0.00132,0.01097,sam3_video,0029,0,0,sam3_if_supported,1,ok,1,10,0.9871112195753039
0042.jpg,A7记忆,0.7153719234434831,0.657693641104836,0.08160566165123456,0,1,1,0.9364,0.00034,0.00512,sam3_video,0029,1,0,sam3_if_supported,1,ok,1,10,0.9905674440297131
0043.jpg,A6共识,0.7114959711183081,0.6663864380212131,0.08346113040123457,0,1,1,0.964,3e-05,0.00306,sam3_video,0029,0,0,sam3_if_supported,1,ok,1,10,0.9593126825372893
0044.jpg,A6共识,0.739603653549509,0.6131063229332122,0.08238642939814815,0,1,1,0.8336,0.00087,0.01519,sam3_video,0029,0,0,sam3_if_supported,1,ok,1,10,0.8323738230538116
0045.jpg,A6共识,0.7082442463733503,0.6067743249501237,0.08535566165123457,0,1,1,0.8732,3e-05,0.0122,sam3_video,0029,0,0,sam3_if_supported,1,ok,1,10,0.8720168930997497
0046.jpg,A6共识,0.6996238813544882,0.6577902822618596,0.08705150462962963,0,1,1,0.8951,0.0,0.01004,sam3_video,0029,0,0,sam3_if_supported,1,ok,1,10,0.8922426811035316
0047.jpg,A6共识,0.7330638659941078,0.6515199148405362,0.07498697916666666,0,1,1,0.9023,0.0,0.00802,sam3_video,0029,0,0,sam3_if_supported,1,ok,1,10,0.900382258535162
0048.jpg,A6共识,0.7245383477360667,0.6062124544034921,0.06969413097993828,0,1,1,0.8323,0.00021,0.0136,sam3_video,0029,0,0,sam3_if_supported,1,ok,1,10,0.8330916882837087
0049.jpg,A6共识,0.7250332448490243,0.6412662036272058,0.07086600597993827,0,1,1,0.782,0.0018,0.01723,sam3_video,0029,0,0,sam3_if_supported,1,ok,1,10,0.7826328376261029
0050.jpg,A1s,0.7086639030661281,0.6551737871548189,0.08103178047839506,0,1,1,0.9005,0.00035,0.00839,sam3_video,0029,0,0,sam3_if_supported,1,ok,1,10,0.9812188481052209
0051.jpg,A1s,0.9672013457264385,0.9426201247614636,0.08599983121141976,0,1,1,0.9189,0.0004,0.00705,sam3_video,0029,0,0,sam3_if_supported,1,ok,1,10,0.9866651152292739
0052.jpg,A7记忆,0.7239780311971353,0.689118249179316,0.08983338155864197,0,1,1,0.8961,0.00169,0.0084,sam3_video,0029,1,0,sam3_if_supported,1,ok,1,10,0.974365369915919
0053.jpg,A7记忆,0.9863190534559181,0.9697487859048622,0.09056435667438271,0,1,1,0.9136,0.00116,0.00717,sam3_video,0029,1,0,sam3_if_supported,1,ok,1,10,0.9692941309540444
0054.jpg,A7记忆,0.9968322781760516,0.9780134836334069,0.09133342978395062,0,1,1,0.8912,0.00196,0.0087,sam3_video,0029,1,0,sam3_if_supported,1,ok,1,10,0.9594786589186658
0055.jpg,A7记忆,1.0184752574484637,0.9751576510129398,0.0913573013117284,0,1,1,0.8292,0.00458,0.01311,sam3_video,0029,1,0,sam3_if_supported,1,ok,1,10,0.9612540995811147
0056.jpg,A7记忆,1.0352250190269228,0.9840356029353595,0.09290810667438272,0,1,0,0.746,0.00839,0.01977,sam3_video,0029,1,0,sam3_if_supported,1,ok,1,10,0.9569561397370406
0057.jpg,A7记忆,1.063669979327468,1.0473709337983956,0.09272810570987654,0,1,0,0.744,0.00872,0.0195,sam3_video,0029,1,0,sam3_if_supported,1,ok,1,10,0.9516425479073767
0058.jpg,A7记忆,1.0587437556889114,1.0246754253639143,0.09306592399691357,0,1,1,0.7938,0.00674,0.01536,sam3_video,0029,1,0,sam3_if_supported,1,ok,1,10,0.951333154725157
0059.jpg,A7记忆,1.0642701409702684,1.0433857070997385,0.08984977816358025,0,1,1,0.8233,0.00478,0.01328,sam3_video,0029,1,0,sam3_if_supported,1,ok,1,10,0.9541215939205719
0060.jpg,A1s,1.0729053157053692,1.0519731807416237,0.08422188464506172,0,1,1,0.8445,0.00279,0.01205,sam3_video,0029,0,0,sam3_if_supported,1,ok,1,10,0.9907554003177921
0061.jpg,A1s,1.082209053016849,1.0505506627321743,0.08003399884259259,0,1,1,0.8838,0.00112,0.00914,sam3_video,0029,0,0,sam3_if_supported,1,ok,1,10,0.988792378817596
0062.jpg,A1s,1.1044495447659093,1.0570186650678728,0.07719099633487654,0,1,1,0.9321,0.00026,0.00529,sam3_video,0029,0,0,sam3_if_supported,1,ok,1,10,0.9910019945240397
0063.jpg,A1s,1.1230896592058957,1.072794844234111,0.07736991222993828,0,1,1,0.9789,5e-05,0.00159,sam3_video,0029,0,0,sam3_if_supported,1,ok,1,10,0.9913858792620653
0064.jpg,A1s,1.138927642859359,1.09577480770895,0.07925021701388889,0,1,1,0.9586,0.00042,0.00295,sam3_video,0029,0,0,sam3_if_supported,1,ok,1,10,0.9922505267481573
0065.jpg,A1s,1.149304822924622,1.1012729469136218,0.08445372781635803,0,1,1,0.9108,0.00158,0.00646,sam3_video,0029,0,0,sam3_if_supported,1,ok,1,10,0.9900598578429763
0066.jpg,A1s,1.1542251010503715,1.1047498124714012,0.08832429108796297,0,1,1,0.8458,0.00396,0.01137,sam3_video,0029,0,0,sam3_if_supported,1,ok,1,10,0.9962113302516272
0067.jpg,A1s,0.8624481813848133,0.8285445421249368,0.09233097029320987,0,1,1,0.8163,0.00544,0.014,sam3_video,0029,0,0,sam3_if_supported,1,ok,1,10,0.9946280926986979
0068.jpg,A1s,1.1290757397145221,1.0889384511751803,0.09734531732253086,0,1,0,0.7433,0.01002,0.01995,sam3_video,0029,0,0,sam3_if_supported,1,ok,1,10,0.9941495626414155
0069.jpg,A1s,1.10198512037875,1.0912506066809018,0.09980818383487654,0,1,0,0.6537,0.01691,0.02668,sam3_video,0029,0,0,sam3_if_supported,1,ok,1,10,0.9937707009139204
0070.jpg,A1s,1.0894049695058512,1.133927792951199,0.1041916232638889,0,1,0,0.6189,0.02151,0.02905,sam3_video,0029,0,0,sam3_if_supported,1,ok,1,10,0.9943929494173689
0071.jpg,A1s,1.1114791388565708,1.1243369475517875,0.10664122781635803,0,1,0,0.662,0.01884,0.02568,sam3_video,0029,0,0,sam3_if_supported,1,ok,1,10,0.9942943255275516
0072.jpg,A1s,1.116382134344714,1.139327961077813,0.10715265721450618,0,1,0,0.6599,0.01925,0.02564,sam3_video,0029,0,0,sam3_if_supported,1,ok,1,10,0.9923726649091954
0073.jpg,A1s,1.0950462083928016,1.117989034092963,0.10345510223765432,0,1,0,0.6058,0.02237,0.03011,sam3_video,0029,0,0,sam3_if_supported,1,ok,1,10,0.9954558430285059
0074.jpg,A1s,1.0694604996117867,1.113200573316087,0.0965720244984568,0,1,0,0.571,0.02192,0.03386,sam3_video,0029,0,0,sam3_if_supported,1,ok,1,10,0.9955946476654379
0075.jpg,A1s,1.073949176314558,1.1000048781461897,0.09297393422067901,0,1,0,0.5873,0.01896,0.03272,sam3_video,0029,0,0,sam3_if_supported,1,ok,1,10,0.9949896330528617
0076.jpg,A1s,1.0698282075016625,1.090547403270424,0.0928393856095679,0,1,0,0.6043,0.01802,0.03067,sam3_video,0029,0,0,sam3_if_supported,1,ok,1,10,0.9948846182808682
0077.jpg,A1s,1.0363919898084182,1.0554191968020046,0.09177131558641975,0,1,0,0.5422,0.02155,0.03726,sam3_video,0029,0,0,sam3_if_supported,1,ok,1,10,0.9934764074788798
0078.jpg,A1s,0.9553396463908901,1.0259344609924215,0.08882571373456791,0,1,0,0.453,0.02808,0.04426,sam3_video,0029,0,0,sam3_if_supported,1,ok,1,10,0.9905315035174325
0079.jpg,A1s,0.9314172789034241,1.0196749896735755,0.08484387056327161,0,1,0,0.4352,0.0281,0.04455,sam3_video,0029,0,0,sam3_if_supported,1,ok,1,10,0.9910818449610861
0080.jpg,A1s,0.9894914708327434,1.0154446132843447,0.08186209972993827,0,1,0,0.5023,0.02,0.04055,sam3_video,0029,0,0,sam3_if_supported,1,ok,1,10,0.9909233766864949
0081.jpg,A1s,1.0161515101119567,1.0025511805141396,0.07939043209876544,0,1,0,0.5704,0.01308,0.03646,sam3_video,0029,0,0,sam3_if_supported,1,ok,1,10,0.9933198586525218
0082.jpg,A1s,1.0211396303192186,0.9976416655613789,0.07583610628858024,0,1,0,0.5999,0.00888,0.03544,sam3_video,0029,0,0,sam3_if_supported,1,ok,1,10,0.9933280025180948
0083.jpg,A1s,0.9976278244291744,0.985903627739676,0.07035023630401234,0,1,0,0.5921,0.00725,0.03601,sam3_video,0029,0,0,sam3_if_supported,1,ok,1,10,0.9952538911239197
0084.jpg,A1s,0.9785191603349105,0.9620343588321305,0.06594823013117283,0,1,0,0.575,0.00683,0.03659,sam3_video,0029,0,0,sam3_if_supported,1,ok,1,10,0.9938435441297974
0085.jpg,A1s,0.9597507536601894,0.9224928261057357,0.062367259837962964,0,1,0,0.5936,0.00486,0.03409,sam3_video,0029,0,0,sam3_if_supported,1,ok,1,10,0.9902899671370577
0086.jpg,A1s,0.9488396815920035,0.9012709067050477,0.059521363811728394,0,1,0,0.6258,0.00276,0.03066,sam3_video,0029,0,0,sam3_if_supported,1,ok,1,10,0.9854991148363156
0087.jpg,A1s,0.9525271402637798,0.9096773365730898,0.05687114197530864,0,1,0,0.6666,0.00077,0.02694,sam3_video,0029,0,0,sam3_if_supported,1,ok,1,10,0.987638643918323
0088.jpg,A1s,0.9462862725116161,0.9011233233817479,0.055084514853395064,0,1,0,0.6375,0.00088,0.0296,sam3_video,0029,0,0,sam3_if_supported,1,ok,1,10,0.9889974239045028
0089.jpg,A6共识,0.8959879744066357,0.7871471371190795,0.08370129243827161,0,1,0,0.4202,0.00903,0.04962,sam3_video,0029,0,0,sam3_if_supported,1,ok,1,10,0.4703725959114868
0090.jpg,A6共识,0.8818001152708208,0.8729282620428114,0.09366415895061729,0,1,0,0.3658,0.01384,0.05116,sam3_video,0029,0,0,sam3_if_supported,1,ok,1,10,0.40848864176143507
0091.jpg,A6共识,0.9121200638006449,0.8747418618869146,0.09029634452160494,0,1,0,0.3683,0.01385,0.05105,sam3_video,0029,0,0,sam3_if_supported,1,ok,1,10,0.352986374300257
0092.jpg,A6共识,1.0173713540074107,0.8161927477739519,0.028836082175925926,0,1,0,0.3143,0.02263,0.04964,sam3_video,0029,0,0,sam3_if_supported,1,ok,1,10,0.3318441075580726
0093.jpg,A6共识,1.0295609778493668,0.7806726995423543,0.05123275945216049,0,1,0,0.0,0.05943,0.05123,sam3_video,0029,0,0,sam3_if_supported,0,low_iou_guard,1,10,0.0
0094.jpg,A6共识,1.0623977352556908,0.76761075252367,0.027425250771604938,0,1,0,0.2442,0.04329,0.04513,sam3_video,0029,0,0,sam3_if_supported,1,ok,1,10,0.3152370781918172
0095.jpg,A6共识,0.9475264146816758,0.8156778220648266,0.09304783950617283,0,1,0,0.3011,0.05054,0.04981,sam3_video,0029,0,0,sam3_if_supported,0,low_iou_guard,1,10,0.0
0096.jpg,A6共识,0.9312286823801985,0.9075132087546681,0.08899112654320987,0,1,0,0.2479,0.06331,0.05123,sam3_video,0029,0,0,sam3_if_supported,0,low_iou_guard,1,10,0.0
0097.jpg,A6共识,0.943590944556332,0.9124281516277748,0.05123275945216049,0,1,0,0.0,0.10678,0.05123,sam3_video,0029,0,0,sam3_if_supported,0,low_iou_guard,1,10,0.0
0098.jpg,A6共识,0.9990403300400101,0.8551439696709819,0.06747034143518518,0,1,0,0.1004,0.09648,0.05101,sam3_video,0029,0,0,sam3_if_supported,0,low_iou_guard,1,10,0.0993774234505049
0099.jpg,A6共识,0.983231039126682,0.9524359670695306,0.06449845679012346,0,1,0,0.0818,0.09778,0.05123,sam3_video,0029,0,0,sam3_if_supported,0,low_iou_guard,1,10,0.08010254019356447
0100.jpg,A6共识,0.9399832366203449,0.7632603569108625,0.06592930169753086,0,1,0,0.0885,0.10118,0.05114,sam3_video,0029,0,0,sam3_if_supported,0,low_iou_guard,1,10,0.08646198702758874
