image_name,weight,quality_score,raw_score,mask_score,geo_score
crop_0000,0.897411,0.743527,0.410076,1.000000,0.750000
crop_0001,0.896897,0.742243,0.406408,1.000000,0.750000
crop_0002,0.893396,0.733491,0.381403,1.000000,0.750000
crop_0003,0.889121,0.722802,0.350864,1.000000,0.750000
crop_0004,0.893862,0.734656,0.384731,1.000000,0.750000
crop_0005,0.887912,0.719780,0.342227,1.000000,0.750000
crop_0006,0.890102,0.725255,0.357871,1.000000,0.750000
crop_0007,0.891566,0.728915,0.368329,1.000000,0.750000
crop_0008,0.882364,0.705910,0.302601,1.000000,0.750000
crop_0009,0.886517,0.716293,0.332267,1.000000,0.750000
crop_0010,0.893020,0.732551,0.378717,1.000000,0.750000
crop_0011,0.899159,0.747898,0.422566,1.000000,0.750000
crop_0012,0.839055,0.597637,0.467775,0.742932,0.497981
crop_0013,0.899132,0.747829,0.422369,1.000000,0.750000
crop_0014,0.899427,0.748567,0.424477,1.000000,0.750000
crop_0015,0.897689,0.744221,0.412061,1.000000,0.750000
crop_0016,0.900047,0.750118,0.428908,1.000000,0.750000
crop_0017,0.826079,0.565199,0.452038,0.727314,0.398471
crop_0018,0.900249,0.750623,0.430352,1.000000,0.750000
crop_0019,0.899138,0.747845,0.422414,1.000000,0.750000
crop_0020,0.900564,0.751409,0.432597,1.000000,0.750000
crop_0021,0.891825,0.729563,0.370181,1.000000,0.750000
crop_0022,0.896195,0.740487,0.401392,1.000000,0.750000
crop_0023,0.899986,0.749964,0.428468,1.000000,0.750000
crop_0025,0.840219,0.600548,0.461742,0.791408,0.414024
crop_0028,0.894327,0.735817,0.388047,1.000000,0.750000
crop_0029,0.888085,0.720214,0.343468,1.000000,0.750000
crop_0030,0.884757,0.711891,0.319690,1.000000,0.750000
crop_0031,0.887430,0.718575,0.338787,1.000000,0.750000
crop_0032,0.884522,0.711306,0.318018,1.000000,0.750000
crop_0033,0.880199,0.700498,0.287137,1.000000,0.750000
crop_0034,0.881136,0.702840,0.293827,1.000000,0.750000
crop_0035,0.874850,0.687126,0.248931,1.000000,0.750000
crop_0036,0.870626,0.676566,0.218760,1.000000,0.750000
crop_0037,0.878487,0.696217,0.274906,1.000000,0.750000
crop_0038,0.873803,0.684507,0.241449,1.000000,0.750000
crop_0039,0.878948,0.697369,0.278198,1.000000,0.750000
crop_0040,0.886851,0.717128,0.334651,1.000000,0.750000
crop_0041,0.877275,0.693188,0.266252,1.000000,0.750000
crop_0042,0.885127,0.712817,0.322335,1.000000,0.750000
crop_0043,0.892753,0.731882,0.376806,1.000000,0.750000
crop_0044,0.893912,0.734781,0.385088,1.000000,0.750000
crop_0045,0.885882,0.714705,0.327729,1.000000,0.750000
crop_0046,0.884184,0.710459,0.315598,1.000000,0.750000
crop_0047,0.881125,0.702812,0.293749,1.000000,0.750000
crop_0048,0.876803,0.692008,0.262879,1.000000,0.750000
crop_0049,0.886772,0.716930,0.334084,1.000000,0.750000
crop_0050,0.883382,0.708456,0.309874,1.000000,0.750000
crop_0051,0.889382,0.723456,0.352730,1.000000,0.750000
crop_0052,0.885392,0.713480,0.324230,1.000000,0.750000
crop_0053,0.885559,0.713898,0.325422,1.000000,0.750000
crop_0054,0.892359,0.730897,0.373991,1.000000,0.750000
crop_0055,0.891140,0.727851,0.365288,1.000000,0.750000
crop_0056,0.891745,0.729363,0.369608,1.000000,0.750000
crop_0057,0.891474,0.728685,0.367672,1.000000,0.750000
crop_0058,0.881442,0.703604,0.296012,1.000000,0.750000
crop_0059,0.893342,0.733356,0.381017,1.000000,0.750000
crop_0060,0.885242,0.713105,0.323158,1.000000,0.750000
crop_0061,0.818931,0.547328,0.471234,0.569643,0.630286
crop_0062,0.838679,0.596697,0.490826,0.695390,0.559910
crop_0063,0.895591,0.738978,0.397079,1.000000,0.750000
crop_0064,0.842995,0.607488,0.471551,0.781664,0.453481
crop_0065,0.902147,0.755366,0.443904,1.000000,0.750000
crop_0066,0.843784,0.609460,0.483747,0.766755,0.475542
crop_0067,0.842147,0.605369,0.496522,0.743594,0.484845
crop_0068,0.896408,0.741019,0.402912,1.000000,0.750000
crop_0069,0.841584,0.603961,0.497198,0.768011,0.421681
crop_0070,0.846931,0.617328,0.522142,0.781490,0.414541
crop_0071,0.858486,0.646214,0.543444,0.756226,0.578536
crop_0072,0.800558,0.501395,0.490270,0.520460,0.477966
crop_0073,0.808387,0.520967,0.466976,0.603731,0.429233
crop_0074,0.814638,0.536595,0.506643,0.629460,0.380062
crop_0075,0.793431,0.483578,0.514348,0.491377,0.412181
crop_0076,0.900970,0.752425,0.435499,1.000000,0.750000
crop_0077,0.884535,0.711338,0.318109,1.000000,0.750000
crop_0078,0.890690,0.726726,0.362075,1.000000,0.750000
crop_0079,0.892074,0.730186,0.371960,1.000000,0.750000
crop_0080,0.878372,0.695931,0.274088,1.000000,0.750000
crop_0081,0.870579,0.676447,0.218421,1.000000,0.750000
crop_0082,0.873606,0.684015,0.240043,1.000000,0.750000
crop_0083,0.871167,0.677916,0.222618,1.000000,0.750000
crop_0084,0.872151,0.680379,0.229653,1.000000,0.750000
crop_0085,0.861649,0.654123,0.154638,1.000000,0.750000
crop_0086,0.853079,0.632698,0.093423,1.000000,0.750000
crop_0087,0.861176,0.652941,0.151259,1.000000,0.750000
crop_0088,0.861171,0.652927,0.151220,1.000000,0.750000
crop_0089,0.862144,0.655361,0.158174,1.000000,0.750000
crop_0090,0.867524,0.668810,0.196601,1.000000,0.750000
crop_0091,0.878601,0.696501,0.275718,1.000000,0.750000
crop_0092,0.882356,0.705890,0.302543,1.000000,0.750000
crop_0093,0.884013,0.710033,0.314381,1.000000,0.750000
crop_0094,0.880643,0.701607,0.290306,1.000000,0.750000
crop_0095,0.878888,0.697221,0.277773,1.000000,0.750000
crop_0096,0.876383,0.690956,0.259876,1.000000,0.750000
crop_0097,0.882834,0.707085,0.305956,1.000000,0.750000
crop_0098,0.885409,0.713522,0.324348,1.000000,0.750000
crop_0099,0.890165,0.725413,0.358324,1.000000,0.750000
crop_0100,0.897769,0.744422,0.412633,1.000000,0.750000
crop_0101,0.891831,0.729576,0.370219,1.000000,0.750000
crop_0102,0.811683,0.529207,0.464539,0.545823,0.604989
crop_0103,0.894941,0.737353,0.392437,1.000000,0.750000
crop_0104,0.901606,0.754014,0.440040,1.000000,0.750000
crop_0105,0.836956,0.592390,0.543194,0.666000,0.512861
crop_0106,0.838357,0.595893,0.462570,0.686949,0.624331
crop_0107,0.841424,0.603560,0.459259,0.727321,0.577626
crop_0108,0.869472,0.673679,0.601997,0.813635,0.484222
crop_0109,0.863258,0.658145,0.598735,0.787879,0.470213
crop_0111,0.862071,0.655177,0.571973,0.794535,0.487228
crop_0113,0.885651,0.714126,0.680830,0.848360,0.470369
crop_0114,0.867157,0.667893,0.616226,0.827015,0.400286
crop_0115,0.911995,0.779988,0.766845,0.900954,0.530813
crop_0116,0.902794,0.756985,0.727968,0.878524,0.534304
crop_0117,0.922266,0.805666,0.791013,0.952100,0.501832
crop_0118,0.921661,0.804154,0.737958,0.970942,0.544723
crop_0119,0.884672,0.711680,0.564643,0.915270,0.510920
crop_0120,0.890308,0.725771,0.559852,0.893330,0.639123
crop_0121,0.895609,0.739023,0.656094,0.904352,0.512158
crop_0122,0.890874,0.727184,0.574844,0.919757,0.560493
crop_0123,0.877713,0.694282,0.548903,0.897968,0.490400
crop_0124,0.897937,0.744842,0.413834,1.000000,0.750000
crop_0125,0.900968,0.752420,0.435485,1.000000,0.750000
crop_0126,0.888674,0.721686,0.347675,1.000000,0.750000
crop_0127,0.893384,0.733460,0.381314,1.000000,0.750000
crop_0128,0.892474,0.731185,0.374815,1.000000,0.750000
crop_0129,0.866838,0.667094,0.490778,0.876273,0.504994
crop_0130,0.899740,0.749350,0.426715,1.000000,0.750000
crop_0131,0.870676,0.676690,0.497542,0.875654,0.542529
crop_0132,0.898313,0.745782,0.416520,1.000000,0.750000
crop_0133,0.866632,0.666581,0.465161,0.911464,0.468081
crop_0134,0.874921,0.687302,0.482656,0.893702,0.581034
crop_0135,0.877407,0.693517,0.527219,0.901093,0.517494
crop_0136,0.886559,0.716398,0.523900,0.914376,0.607817
crop_0137,0.887797,0.719492,0.534976,0.930193,0.568317
crop_0138,0.901063,0.752656,0.436161,1.000000,0.750000
crop_0139,0.898299,0.745748,0.416422,1.000000,0.750000
crop_0140,0.899633,0.749083,0.425951,1.000000,0.750000
crop_0141,0.901737,0.754342,0.440978,1.000000,0.750000
crop_0142,0.902350,0.755875,0.445358,1.000000,0.750000
crop_0143,0.900074,0.750185,0.429100,1.000000,0.750000
crop_0144,0.865562,0.663905,0.481973,0.894216,0.464086
crop_0145,0.878219,0.695547,0.550060,0.932194,0.417694
crop_0146,0.860814,0.652036,0.488523,0.859789,0.470739
crop_0147,0.902645,0.756613,0.447465,1.000000,0.750000
crop_0148,0.894734,0.736835,0.390957,1.000000,0.750000
crop_0149,0.892954,0.732385,0.378243,1.000000,0.750000
crop_0150,0.901714,0.754285,0.440814,1.000000,0.750000
crop_0151,0.858595,0.646488,0.457362,0.773554,0.691563
crop_0152,0.891262,0.728156,0.366160,1.000000,0.750000
crop_0153,0.884874,0.712185,0.320529,1.000000,0.750000
crop_0154,0.890767,0.726916,0.362618,1.000000,0.750000
crop_0155,0.896532,0.741331,0.403803,1.000000,0.750000
crop_0156,0.902207,0.755517,0.444334,1.000000,0.750000
crop_0157,0.873428,0.683569,0.524523,0.923228,0.422666
crop_0158,0.884970,0.712425,0.575943,0.933119,0.454708
crop_0159,0.905119,0.762796,0.688500,0.945024,0.482802
crop_0160,0.869191,0.672976,0.507076,0.870368,0.519173
crop_0161,0.847932,0.619830,0.451798,0.771634,0.572325
crop_0162,0.902094,0.755235,0.443527,1.000000,0.750000
crop_0163,0.859676,0.649190,0.460460,0.763810,0.721574
crop_0164,0.840243,0.600606,0.454973,0.764876,0.485858
crop_0165,0.857681,0.644204,0.499105,0.822971,0.495901
crop_0166,0.857562,0.643905,0.471268,0.829370,0.528724
crop_0167,0.900860,0.752151,0.434717,1.000000,0.750000
crop_0168,0.900040,0.750101,0.428859,1.000000,0.750000
crop_0169,0.865474,0.663685,0.488974,0.818229,0.621708
crop_0170,0.871650,0.679124,0.522563,0.901072,0.453723
crop_0171,0.886503,0.716256,0.471085,0.951091,0.616928
crop_0172,0.869373,0.673432,0.460927,0.929296,0.469620
crop_0173,0.886222,0.715554,0.586707,0.915104,0.492049
crop_0174,0.877244,0.693111,0.479110,0.936436,0.520129
crop_0175,0.895702,0.739256,0.577181,0.957387,0.532091
crop_0176,0.885811,0.714528,0.555666,0.903495,0.567357
crop_0177,0.895339,0.738349,0.395282,1.000000,0.750000
crop_0178,0.907939,0.769848,0.659922,0.905170,0.657747
crop_0179,0.885887,0.714718,0.576225,0.876693,0.592638
crop_0180,0.880415,0.701037,0.587464,0.879386,0.498506
crop_0181,0.875946,0.689866,0.474532,0.888208,0.620431
crop_0182,0.889454,0.723636,0.615069,0.883819,0.553217
crop_0183,0.880099,0.700248,0.543555,0.904485,0.514929
crop_0184,0.882720,0.706801,0.593401,0.891718,0.489186
crop_0185,0.872710,0.681775,0.591902,0.832188,0.500621
crop_0186,0.848195,0.620488,0.469759,0.807831,0.462740
crop_0187,0.900206,0.750515,0.430044,1.000000,0.750000
crop_0188,0.876723,0.691807,0.467967,0.917512,0.575693
crop_0189,0.878682,0.696705,0.484875,0.956024,0.483942
crop_0190,0.873358,0.683394,0.475746,0.943510,0.461520
crop_0191,0.902392,0.755980,0.445656,1.000000,0.750000
crop_0192,0.893508,0.733770,0.382199,1.000000,0.750000
crop_0193,0.884856,0.712139,0.496252,0.984804,0.476445
crop_0194,0.896212,0.740531,0.629420,0.953970,0.454738
crop_0195,0.915275,0.788187,0.769848,0.935517,0.488788
crop_0196,0.914964,0.787409,0.741943,0.891456,0.632867
crop_0197,0.880244,0.700611,0.676745,0.803725,0.510370
crop_0198,0.866454,0.666135,0.647751,0.776194,0.450675
crop_0199,0.877675,0.694187,0.631269,0.826132,0.507418
crop_0200,0.882106,0.705264,0.630737,0.856697,0.494963
crop_0201,0.860339,0.650849,0.534444,0.839672,0.429702
crop_0202,0.875138,0.687844,0.577009,0.855192,0.505273
crop_0203,0.854213,0.635531,0.542838,0.778917,0.475127
crop_0204,0.891045,0.727613,0.364607,1.000000,0.750000
crop_0205,0.884565,0.711412,0.318320,1.000000,0.750000
crop_0206,0.884506,0.711265,0.317900,1.000000,0.750000
crop_0207,0.878919,0.697296,0.277989,1.000000,0.750000
