method,mask_dir,gt_frames,eval_frames,missing_frames,precision,recall,f1,miou,iou_fg,hd95_px,boundary_f1,temporal_iou,area_cv,component_count_mean,outside_nonblack_ratio,leakage_energy
CLIPSeg_P2,/data/fj/F2DMAS/00-论文优化重构/数据管理/05-评测结果/S23_Experiment1_VFM_Benchmark/method_masks/CLIPSeg_P2,6,6,,0.9330484678485006,0.8730610352643573,0.9020585516964993,0.8784611132510701,0.8215907625040729,294.5659294128418,0.07112931281613429,0.4264271202386071,0.1496952961659614,1.3333333333333333,0.02233631348922691,0.01646562741126543
DeepLabV3PlusLite_fewshot_seqcv,/data/fj/F2DMAS/00-论文优化重构/数据管理/05-评测结果/S23_Experiment1_VFM_Benchmark/method_masks/DeepLabV3PlusLite_fewshot_seqcv,6,6,,0.8477958290473512,0.2962145157679836,0.4390334966978195,0.5327530642807765,0.2812574746280952,407.3043568929036,0.05561210235388551,0.12457495827512141,0.607920011720624,9.333333333333334,0.018960604939881522,0.013977161297582304
Florence2_RES_P2,/data/fj/F2DMAS/00-论文优化重构/数据管理/05-评测结果/S23_Experiment1_VFM_Benchmark/method_masks/Florence2_RES_P2,6,6,,0.9288064757706795,0.7642369643955861,0.8385233653357859,0.8125691139937048,0.7219459611240523,509.7813911437988,0.11671584285419934,0.20766826167598196,0.5488746962206024,1.0,0.02088593255059447,0.015396452224794238
GroundedSAM1_Plant,/data/fj/F2DMAS/00-论文优化重构/数据管理/05-评测结果/S23_Experiment1_VFM_Benchmark/method_masks/GroundedSAM1_Plant,6,6,,0.7830213588751678,0.905518014436503,0.8398263698872478,0.8023709622910187,0.7238798987403539,302.53238979975384,0.4100028957497465,0.31940959939502334,0.25170224149185444,2.5,0.08946456304688104,0.06595046055169754
GroundedSAM2_Plant,/data/fj/F2DMAS/00-论文优化重构/数据管理/05-评测结果/S23_Experiment1_VFM_Benchmark/method_masks/GroundedSAM2_Plant,6,6,,0.7729964454743202,0.8831286368012173,0.8244006499870717,0.7862442754574747,0.7012598722328366,404.2917989095052,0.3124196649650856,0.3063144035259474,0.2624637371654105,2.8333333333333335,0.09246762490465085,0.0681642232510288
RAP-FSAM3-v2,/data/fj/F2DMAS/00-论文优化重构/数据管理/05-评测结果/S23_Experiment1_VFM_Benchmark/method_masks/RAP-FSAM3-v2,6,6,,0.9945226541709644,0.9652795956262362,0.9796829507248696,0.9730374094817115,0.9601750273808236,98.51933066050212,0.43166531284094317,0.40669003639504087,0.20584824708456315,1.0,0.0018954798945784118,0.001397288130144033
SAM2_oracle_box,/data/fj/F2DMAS/00-论文优化重构/数据管理/05-评测结果/S23_Experiment1_VFM_Benchmark/method_masks/SAM2_oracle_box,6,6,,0.9631827170761277,0.8944475211954335,0.9275434647840638,0.9084302452600681,0.8648774419536782,261.7513675689697,0.29459896015956544,0.3771982936406644,0.24128120477462578,2.5,0.012190134367603491,0.008986183449074075
SAM3_P2,/data/fj/F2DMAS/00-论文优化重构/数据管理/05-评测结果/S23_Experiment1_VFM_Benchmark/method_masks/SAM3_P2,6,6,,0.9824444356834412,0.9601931197256062,0.971191342439907,0.9619849805319627,0.9439960825593845,125.31863753000896,0.36373723687309506,0.3977932175611067,0.22929518415492445,1.0,0.006117527930920337,0.004509649080504116
UNet_fewshot_seqcv,/data/fj/F2DMAS/00-论文优化重构/数据管理/05-评测结果/S23_Experiment1_VFM_Benchmark/method_masks/UNet_fewshot_seqcv,6,6,,0.7900721325418388,0.7652887851050322,0.7774830080892667,0.745922694682106,0.6359690811937915,513.0736465454102,0.14624904418719042,0.2951411655402004,0.2464951900206271,4.833333333333333,0.07250021152354083,0.0534448744534465
