asset_type,method,frame,path
source_data,all,all,/data/fj/F2DMAS/00-论文优化重构/计算机与电子农业特刊实验工作区/06-实验一四样本代表集/E1_Representative4_PottedPlant_VFM/visual_assets/source_data/manifest.csv
source_data,all,all,/data/fj/F2DMAS/00-论文优化重构/计算机与电子农业特刊实验工作区/06-实验一四样本代表集/E1_Representative4_PottedPlant_VFM/visual_assets/source_data/gt_shape_summary.csv
source_data,all,all,/data/fj/F2DMAS/00-论文优化重构/计算机与电子农业特刊实验工作区/06-实验一四样本代表集/E1_Representative4_PottedPlant_VFM/visual_assets/source_data/summary_metrics.csv
source_data,all,all,/data/fj/F2DMAS/00-论文优化重构/计算机与电子农业特刊实验工作区/06-实验一四样本代表集/E1_Representative4_PottedPlant_VFM/visual_assets/source_data/frame_metrics.csv
source_data,all,all,/data/fj/F2DMAS/00-论文优化重构/计算机与电子农业特刊实验工作区/06-实验一四样本代表集/E1_Representative4_PottedPlant_VFM/visual_assets/source_data/summary_metrics.json
paper_table,all,summary,/data/fj/F2DMAS/00-论文优化重构/计算机与电子农业特刊实验工作区/06-实验一四样本代表集/E1_Representative4_PottedPlant_VFM/visual_assets/source_data/paper_summary_metrics.csv
gt_overlay,GT,KongQueZhuYu_0000,/data/fj/F2DMAS/00-论文优化重构/计算机与电子农业特刊实验工作区/06-实验一四样本代表集/E1_Representative4_PottedPlant_VFM/visual_assets/gt_overlays/KongQueZhuYu_0000_gt_overlay.png
overlay,SEEM_existing,KongQueZhuYu_0000,/data/fj/F2DMAS/00-论文优化重构/计算机与电子农业特刊实验工作区/06-实验一四样本代表集/E1_Representative4_PottedPlant_VFM/visual_assets/overlays/SEEM_existing/KongQueZhuYu_0000_SEEM_existing_overlay.png
error_map,SEEM_existing,KongQueZhuYu_0000,/data/fj/F2DMAS/00-论文优化重构/计算机与电子农业特刊实验工作区/06-实验一四样本代表集/E1_Representative4_PottedPlant_VFM/visual_assets/error_maps/SEEM_existing/KongQueZhuYu_0000_SEEM_existing_error.png
overlay,CLIPSeg_potted,KongQueZhuYu_0000,/data/fj/F2DMAS/00-论文优化重构/计算机与电子农业特刊实验工作区/06-实验一四样本代表集/E1_Representative4_PottedPlant_VFM/visual_assets/overlays/CLIPSeg_potted/KongQueZhuYu_0000_CLIPSeg_potted_overlay.png
error_map,CLIPSeg_potted,KongQueZhuYu_0000,/data/fj/F2DMAS/00-论文优化重构/计算机与电子农业特刊实验工作区/06-实验一四样本代表集/E1_Representative4_PottedPlant_VFM/visual_assets/error_maps/CLIPSeg_potted/KongQueZhuYu_0000_CLIPSeg_potted_error.png
overlay,GroundedSAM1_potted,KongQueZhuYu_0000,/data/fj/F2DMAS/00-论文优化重构/计算机与电子农业特刊实验工作区/06-实验一四样本代表集/E1_Representative4_PottedPlant_VFM/visual_assets/overlays/GroundedSAM1_potted/KongQueZhuYu_0000_GroundedSAM1_potted_overlay.png
error_map,GroundedSAM1_potted,KongQueZhuYu_0000,/data/fj/F2DMAS/00-论文优化重构/计算机与电子农业特刊实验工作区/06-实验一四样本代表集/E1_Representative4_PottedPlant_VFM/visual_assets/error_maps/GroundedSAM1_potted/KongQueZhuYu_0000_GroundedSAM1_potted_error.png
overlay,GroundedSAM2_potted,KongQueZhuYu_0000,/data/fj/F2DMAS/00-论文优化重构/计算机与电子农业特刊实验工作区/06-实验一四样本代表集/E1_Representative4_PottedPlant_VFM/visual_assets/overlays/GroundedSAM2_potted/KongQueZhuYu_0000_GroundedSAM2_potted_overlay.png
error_map,GroundedSAM2_potted,KongQueZhuYu_0000,/data/fj/F2DMAS/00-论文优化重构/计算机与电子农业特刊实验工作区/06-实验一四样本代表集/E1_Representative4_PottedPlant_VFM/visual_assets/error_maps/GroundedSAM2_potted/KongQueZhuYu_0000_GroundedSAM2_potted_error.png
overlay,SAM2_oracle_box,KongQueZhuYu_0000,/data/fj/F2DMAS/00-论文优化重构/计算机与电子农业特刊实验工作区/06-实验一四样本代表集/E1_Representative4_PottedPlant_VFM/visual_assets/overlays/SAM2_oracle_box/KongQueZhuYu_0000_SAM2_oracle_box_overlay.png
error_map,SAM2_oracle_box,KongQueZhuYu_0000,/data/fj/F2DMAS/00-论文优化重构/计算机与电子农业特刊实验工作区/06-实验一四样本代表集/E1_Representative4_PottedPlant_VFM/visual_assets/error_maps/SAM2_oracle_box/KongQueZhuYu_0000_SAM2_oracle_box_error.png
overlay,SAM3_P2,KongQueZhuYu_0000,/data/fj/F2DMAS/00-论文优化重构/计算机与电子农业特刊实验工作区/06-实验一四样本代表集/E1_Representative4_PottedPlant_VFM/visual_assets/overlays/SAM3_P2/KongQueZhuYu_0000_SAM3_P2_overlay.png
error_map,SAM3_P2,KongQueZhuYu_0000,/data/fj/F2DMAS/00-论文优化重构/计算机与电子农业特刊实验工作区/06-实验一四样本代表集/E1_Representative4_PottedPlant_VFM/visual_assets/error_maps/SAM3_P2/KongQueZhuYu_0000_SAM3_P2_error.png
overlay,RAP-FSAM3-v2,KongQueZhuYu_0000,/data/fj/F2DMAS/00-论文优化重构/计算机与电子农业特刊实验工作区/06-实验一四样本代表集/E1_Representative4_PottedPlant_VFM/visual_assets/overlays/RAP-FSAM3-v2/KongQueZhuYu_0000_RAP-FSAM3-v2_overlay.png
error_map,RAP-FSAM3-v2,KongQueZhuYu_0000,/data/fj/F2DMAS/00-论文优化重构/计算机与电子农业特刊实验工作区/06-实验一四样本代表集/E1_Representative4_PottedPlant_VFM/visual_assets/error_maps/RAP-FSAM3-v2/KongQueZhuYu_0000_RAP-FSAM3-v2_error.png
overlay,UNet_fewshot_seqcv,KongQueZhuYu_0000,/data/fj/F2DMAS/00-论文优化重构/计算机与电子农业特刊实验工作区/06-实验一四样本代表集/E1_Representative4_PottedPlant_VFM/visual_assets/overlays/UNet_fewshot_seqcv/KongQueZhuYu_0000_UNet_fewshot_seqcv_overlay.png
error_map,UNet_fewshot_seqcv,KongQueZhuYu_0000,/data/fj/F2DMAS/00-论文优化重构/计算机与电子农业特刊实验工作区/06-实验一四样本代表集/E1_Representative4_PottedPlant_VFM/visual_assets/error_maps/UNet_fewshot_seqcv/KongQueZhuYu_0000_UNet_fewshot_seqcv_error.png
overlay,DeepLabV3PlusLite_fewshot_seqcv,KongQueZhuYu_0000,/data/fj/F2DMAS/00-论文优化重构/计算机与电子农业特刊实验工作区/06-实验一四样本代表集/E1_Representative4_PottedPlant_VFM/visual_assets/overlays/DeepLabV3PlusLite_fewshot_seqcv/KongQueZhuYu_0000_DeepLabV3PlusLite_fewshot_seqcv_overlay.png
error_map,DeepLabV3PlusLite_fewshot_seqcv,KongQueZhuYu_0000,/data/fj/F2DMAS/00-论文优化重构/计算机与电子农业特刊实验工作区/06-实验一四样本代表集/E1_Representative4_PottedPlant_VFM/visual_assets/error_maps/DeepLabV3PlusLite_fewshot_seqcv/KongQueZhuYu_0000_DeepLabV3PlusLite_fewshot_seqcv_error.png
overlay,SAM_existing,KongQueZhuYu_0000,/data/fj/F2DMAS/00-论文优化重构/计算机与电子农业特刊实验工作区/06-实验一四样本代表集/E1_Representative4_PottedPlant_VFM/visual_assets/overlays/SAM_existing/KongQueZhuYu_0000_SAM_existing_overlay.png
error_map,SAM_existing,KongQueZhuYu_0000,/data/fj/F2DMAS/00-论文优化重构/计算机与电子农业特刊实验工作区/06-实验一四样本代表集/E1_Representative4_PottedPlant_VFM/visual_assets/error_maps/SAM_existing/KongQueZhuYu_0000_SAM_existing_error.png
contact_sheet,all,KongQueZhuYu_0000,/data/fj/F2DMAS/00-论文优化重构/计算机与电子农业特刊实验工作区/06-实验一四样本代表集/E1_Representative4_PottedPlant_VFM/visual_assets/contact_sheets/KongQueZhuYu_0000_method_overlay_grid.png
contact_sheet,all,KongQueZhuYu_0000,/data/fj/F2DMAS/00-论文优化重构/计算机与电子农业特刊实验工作区/06-实验一四样本代表集/E1_Representative4_PottedPlant_VFM/visual_assets/contact_sheets/KongQueZhuYu_0000_method_overlay_grid.tif
gt_overlay,GT,KongQueZhuYu_0025,/data/fj/F2DMAS/00-论文优化重构/计算机与电子农业特刊实验工作区/06-实验一四样本代表集/E1_Representative4_PottedPlant_VFM/visual_assets/gt_overlays/KongQueZhuYu_0025_gt_overlay.png
overlay,SEEM_existing,KongQueZhuYu_0025,/data/fj/F2DMAS/00-论文优化重构/计算机与电子农业特刊实验工作区/06-实验一四样本代表集/E1_Representative4_PottedPlant_VFM/visual_assets/overlays/SEEM_existing/KongQueZhuYu_0025_SEEM_existing_overlay.png
error_map,SEEM_existing,KongQueZhuYu_0025,/data/fj/F2DMAS/00-论文优化重构/计算机与电子农业特刊实验工作区/06-实验一四样本代表集/E1_Representative4_PottedPlant_VFM/visual_assets/error_maps/SEEM_existing/KongQueZhuYu_0025_SEEM_existing_error.png
overlay,CLIPSeg_potted,KongQueZhuYu_0025,/data/fj/F2DMAS/00-论文优化重构/计算机与电子农业特刊实验工作区/06-实验一四样本代表集/E1_Representative4_PottedPlant_VFM/visual_assets/overlays/CLIPSeg_potted/KongQueZhuYu_0025_CLIPSeg_potted_overlay.png
error_map,CLIPSeg_potted,KongQueZhuYu_0025,/data/fj/F2DMAS/00-论文优化重构/计算机与电子农业特刊实验工作区/06-实验一四样本代表集/E1_Representative4_PottedPlant_VFM/visual_assets/error_maps/CLIPSeg_potted/KongQueZhuYu_0025_CLIPSeg_potted_error.png
overlay,GroundedSAM1_potted,KongQueZhuYu_0025,/data/fj/F2DMAS/00-论文优化重构/计算机与电子农业特刊实验工作区/06-实验一四样本代表集/E1_Representative4_PottedPlant_VFM/visual_assets/overlays/GroundedSAM1_potted/KongQueZhuYu_0025_GroundedSAM1_potted_overlay.png
error_map,GroundedSAM1_potted,KongQueZhuYu_0025,/data/fj/F2DMAS/00-论文优化重构/计算机与电子农业特刊实验工作区/06-实验一四样本代表集/E1_Representative4_PottedPlant_VFM/visual_assets/error_maps/GroundedSAM1_potted/KongQueZhuYu_0025_GroundedSAM1_potted_error.png
overlay,GroundedSAM2_potted,KongQueZhuYu_0025,/data/fj/F2DMAS/00-论文优化重构/计算机与电子农业特刊实验工作区/06-实验一四样本代表集/E1_Representative4_PottedPlant_VFM/visual_assets/overlays/GroundedSAM2_potted/KongQueZhuYu_0025_GroundedSAM2_potted_overlay.png
error_map,GroundedSAM2_potted,KongQueZhuYu_0025,/data/fj/F2DMAS/00-论文优化重构/计算机与电子农业特刊实验工作区/06-实验一四样本代表集/E1_Representative4_PottedPlant_VFM/visual_assets/error_maps/GroundedSAM2_potted/KongQueZhuYu_0025_GroundedSAM2_potted_error.png
overlay,SAM2_oracle_box,KongQueZhuYu_0025,/data/fj/F2DMAS/00-论文优化重构/计算机与电子农业特刊实验工作区/06-实验一四样本代表集/E1_Representative4_PottedPlant_VFM/visual_assets/overlays/SAM2_oracle_box/KongQueZhuYu_0025_SAM2_oracle_box_overlay.png
error_map,SAM2_oracle_box,KongQueZhuYu_0025,/data/fj/F2DMAS/00-论文优化重构/计算机与电子农业特刊实验工作区/06-实验一四样本代表集/E1_Representative4_PottedPlant_VFM/visual_assets/error_maps/SAM2_oracle_box/KongQueZhuYu_0025_SAM2_oracle_box_error.png
overlay,SAM3_P2,KongQueZhuYu_0025,/data/fj/F2DMAS/00-论文优化重构/计算机与电子农业特刊实验工作区/06-实验一四样本代表集/E1_Representative4_PottedPlant_VFM/visual_assets/overlays/SAM3_P2/KongQueZhuYu_0025_SAM3_P2_overlay.png
error_map,SAM3_P2,KongQueZhuYu_0025,/data/fj/F2DMAS/00-论文优化重构/计算机与电子农业特刊实验工作区/06-实验一四样本代表集/E1_Representative4_PottedPlant_VFM/visual_assets/error_maps/SAM3_P2/KongQueZhuYu_0025_SAM3_P2_error.png
overlay,RAP-FSAM3-v2,KongQueZhuYu_0025,/data/fj/F2DMAS/00-论文优化重构/计算机与电子农业特刊实验工作区/06-实验一四样本代表集/E1_Representative4_PottedPlant_VFM/visual_assets/overlays/RAP-FSAM3-v2/KongQueZhuYu_0025_RAP-FSAM3-v2_overlay.png
error_map,RAP-FSAM3-v2,KongQueZhuYu_0025,/data/fj/F2DMAS/00-论文优化重构/计算机与电子农业特刊实验工作区/06-实验一四样本代表集/E1_Representative4_PottedPlant_VFM/visual_assets/error_maps/RAP-FSAM3-v2/KongQueZhuYu_0025_RAP-FSAM3-v2_error.png
overlay,UNet_fewshot_seqcv,KongQueZhuYu_0025,/data/fj/F2DMAS/00-论文优化重构/计算机与电子农业特刊实验工作区/06-实验一四样本代表集/E1_Representative4_PottedPlant_VFM/visual_assets/overlays/UNet_fewshot_seqcv/KongQueZhuYu_0025_UNet_fewshot_seqcv_overlay.png
error_map,UNet_fewshot_seqcv,KongQueZhuYu_0025,/data/fj/F2DMAS/00-论文优化重构/计算机与电子农业特刊实验工作区/06-实验一四样本代表集/E1_Representative4_PottedPlant_VFM/visual_assets/error_maps/UNet_fewshot_seqcv/KongQueZhuYu_0025_UNet_fewshot_seqcv_error.png
overlay,DeepLabV3PlusLite_fewshot_seqcv,KongQueZhuYu_0025,/data/fj/F2DMAS/00-论文优化重构/计算机与电子农业特刊实验工作区/06-实验一四样本代表集/E1_Representative4_PottedPlant_VFM/visual_assets/overlays/DeepLabV3PlusLite_fewshot_seqcv/KongQueZhuYu_0025_DeepLabV3PlusLite_fewshot_seqcv_overlay.png
error_map,DeepLabV3PlusLite_fewshot_seqcv,KongQueZhuYu_0025,/data/fj/F2DMAS/00-论文优化重构/计算机与电子农业特刊实验工作区/06-实验一四样本代表集/E1_Representative4_PottedPlant_VFM/visual_assets/error_maps/DeepLabV3PlusLite_fewshot_seqcv/KongQueZhuYu_0025_DeepLabV3PlusLite_fewshot_seqcv_error.png
overlay,SAM_existing,KongQueZhuYu_0025,/data/fj/F2DMAS/00-论文优化重构/计算机与电子农业特刊实验工作区/06-实验一四样本代表集/E1_Representative4_PottedPlant_VFM/visual_assets/overlays/SAM_existing/KongQueZhuYu_0025_SAM_existing_overlay.png
error_map,SAM_existing,KongQueZhuYu_0025,/data/fj/F2DMAS/00-论文优化重构/计算机与电子农业特刊实验工作区/06-实验一四样本代表集/E1_Representative4_PottedPlant_VFM/visual_assets/error_maps/SAM_existing/KongQueZhuYu_0025_SAM_existing_error.png
contact_sheet,all,KongQueZhuYu_0025,/data/fj/F2DMAS/00-论文优化重构/计算机与电子农业特刊实验工作区/06-实验一四样本代表集/E1_Representative4_PottedPlant_VFM/visual_assets/contact_sheets/KongQueZhuYu_0025_method_overlay_grid.png
contact_sheet,all,KongQueZhuYu_0025,/data/fj/F2DMAS/00-论文优化重构/计算机与电子农业特刊实验工作区/06-实验一四样本代表集/E1_Representative4_PottedPlant_VFM/visual_assets/contact_sheets/KongQueZhuYu_0025_method_overlay_grid.tif
gt_overlay,GT,KongQueZhuYu_0050,/data/fj/F2DMAS/00-论文优化重构/计算机与电子农业特刊实验工作区/06-实验一四样本代表集/E1_Representative4_PottedPlant_VFM/visual_assets/gt_overlays/KongQueZhuYu_0050_gt_overlay.png
overlay,SEEM_existing,KongQueZhuYu_0050,/data/fj/F2DMAS/00-论文优化重构/计算机与电子农业特刊实验工作区/06-实验一四样本代表集/E1_Representative4_PottedPlant_VFM/visual_assets/overlays/SEEM_existing/KongQueZhuYu_0050_SEEM_existing_overlay.png
error_map,SEEM_existing,KongQueZhuYu_0050,/data/fj/F2DMAS/00-论文优化重构/计算机与电子农业特刊实验工作区/06-实验一四样本代表集/E1_Representative4_PottedPlant_VFM/visual_assets/error_maps/SEEM_existing/KongQueZhuYu_0050_SEEM_existing_error.png
overlay,CLIPSeg_potted,KongQueZhuYu_0050,/data/fj/F2DMAS/00-论文优化重构/计算机与电子农业特刊实验工作区/06-实验一四样本代表集/E1_Representative4_PottedPlant_VFM/visual_assets/overlays/CLIPSeg_potted/KongQueZhuYu_0050_CLIPSeg_potted_overlay.png
error_map,CLIPSeg_potted,KongQueZhuYu_0050,/data/fj/F2DMAS/00-论文优化重构/计算机与电子农业特刊实验工作区/06-实验一四样本代表集/E1_Representative4_PottedPlant_VFM/visual_assets/error_maps/CLIPSeg_potted/KongQueZhuYu_0050_CLIPSeg_potted_error.png
overlay,GroundedSAM1_potted,KongQueZhuYu_0050,/data/fj/F2DMAS/00-论文优化重构/计算机与电子农业特刊实验工作区/06-实验一四样本代表集/E1_Representative4_PottedPlant_VFM/visual_assets/overlays/GroundedSAM1_potted/KongQueZhuYu_0050_GroundedSAM1_potted_overlay.png
error_map,GroundedSAM1_potted,KongQueZhuYu_0050,/data/fj/F2DMAS/00-论文优化重构/计算机与电子农业特刊实验工作区/06-实验一四样本代表集/E1_Representative4_PottedPlant_VFM/visual_assets/error_maps/GroundedSAM1_potted/KongQueZhuYu_0050_GroundedSAM1_potted_error.png
overlay,GroundedSAM2_potted,KongQueZhuYu_0050,/data/fj/F2DMAS/00-论文优化重构/计算机与电子农业特刊实验工作区/06-实验一四样本代表集/E1_Representative4_PottedPlant_VFM/visual_assets/overlays/GroundedSAM2_potted/KongQueZhuYu_0050_GroundedSAM2_potted_overlay.png
error_map,GroundedSAM2_potted,KongQueZhuYu_0050,/data/fj/F2DMAS/00-论文优化重构/计算机与电子农业特刊实验工作区/06-实验一四样本代表集/E1_Representative4_PottedPlant_VFM/visual_assets/error_maps/GroundedSAM2_potted/KongQueZhuYu_0050_GroundedSAM2_potted_error.png
overlay,SAM2_oracle_box,KongQueZhuYu_0050,/data/fj/F2DMAS/00-论文优化重构/计算机与电子农业特刊实验工作区/06-实验一四样本代表集/E1_Representative4_PottedPlant_VFM/visual_assets/overlays/SAM2_oracle_box/KongQueZhuYu_0050_SAM2_oracle_box_overlay.png
error_map,SAM2_oracle_box,KongQueZhuYu_0050,/data/fj/F2DMAS/00-论文优化重构/计算机与电子农业特刊实验工作区/06-实验一四样本代表集/E1_Representative4_PottedPlant_VFM/visual_assets/error_maps/SAM2_oracle_box/KongQueZhuYu_0050_SAM2_oracle_box_error.png
overlay,SAM3_P2,KongQueZhuYu_0050,/data/fj/F2DMAS/00-论文优化重构/计算机与电子农业特刊实验工作区/06-实验一四样本代表集/E1_Representative4_PottedPlant_VFM/visual_assets/overlays/SAM3_P2/KongQueZhuYu_0050_SAM3_P2_overlay.png
error_map,SAM3_P2,KongQueZhuYu_0050,/data/fj/F2DMAS/00-论文优化重构/计算机与电子农业特刊实验工作区/06-实验一四样本代表集/E1_Representative4_PottedPlant_VFM/visual_assets/error_maps/SAM3_P2/KongQueZhuYu_0050_SAM3_P2_error.png
overlay,RAP-FSAM3-v2,KongQueZhuYu_0050,/data/fj/F2DMAS/00-论文优化重构/计算机与电子农业特刊实验工作区/06-实验一四样本代表集/E1_Representative4_PottedPlant_VFM/visual_assets/overlays/RAP-FSAM3-v2/KongQueZhuYu_0050_RAP-FSAM3-v2_overlay.png
error_map,RAP-FSAM3-v2,KongQueZhuYu_0050,/data/fj/F2DMAS/00-论文优化重构/计算机与电子农业特刊实验工作区/06-实验一四样本代表集/E1_Representative4_PottedPlant_VFM/visual_assets/error_maps/RAP-FSAM3-v2/KongQueZhuYu_0050_RAP-FSAM3-v2_error.png
overlay,UNet_fewshot_seqcv,KongQueZhuYu_0050,/data/fj/F2DMAS/00-论文优化重构/计算机与电子农业特刊实验工作区/06-实验一四样本代表集/E1_Representative4_PottedPlant_VFM/visual_assets/overlays/UNet_fewshot_seqcv/KongQueZhuYu_0050_UNet_fewshot_seqcv_overlay.png
error_map,UNet_fewshot_seqcv,KongQueZhuYu_0050,/data/fj/F2DMAS/00-论文优化重构/计算机与电子农业特刊实验工作区/06-实验一四样本代表集/E1_Representative4_PottedPlant_VFM/visual_assets/error_maps/UNet_fewshot_seqcv/KongQueZhuYu_0050_UNet_fewshot_seqcv_error.png
overlay,DeepLabV3PlusLite_fewshot_seqcv,KongQueZhuYu_0050,/data/fj/F2DMAS/00-论文优化重构/计算机与电子农业特刊实验工作区/06-实验一四样本代表集/E1_Representative4_PottedPlant_VFM/visual_assets/overlays/DeepLabV3PlusLite_fewshot_seqcv/KongQueZhuYu_0050_DeepLabV3PlusLite_fewshot_seqcv_overlay.png
error_map,DeepLabV3PlusLite_fewshot_seqcv,KongQueZhuYu_0050,/data/fj/F2DMAS/00-论文优化重构/计算机与电子农业特刊实验工作区/06-实验一四样本代表集/E1_Representative4_PottedPlant_VFM/visual_assets/error_maps/DeepLabV3PlusLite_fewshot_seqcv/KongQueZhuYu_0050_DeepLabV3PlusLite_fewshot_seqcv_error.png
overlay,SAM_existing,KongQueZhuYu_0050,/data/fj/F2DMAS/00-论文优化重构/计算机与电子农业特刊实验工作区/06-实验一四样本代表集/E1_Representative4_PottedPlant_VFM/visual_assets/overlays/SAM_existing/KongQueZhuYu_0050_SAM_existing_overlay.png
error_map,SAM_existing,KongQueZhuYu_0050,/data/fj/F2DMAS/00-论文优化重构/计算机与电子农业特刊实验工作区/06-实验一四样本代表集/E1_Representative4_PottedPlant_VFM/visual_assets/error_maps/SAM_existing/KongQueZhuYu_0050_SAM_existing_error.png
contact_sheet,all,KongQueZhuYu_0050,/data/fj/F2DMAS/00-论文优化重构/计算机与电子农业特刊实验工作区/06-实验一四样本代表集/E1_Representative4_PottedPlant_VFM/visual_assets/contact_sheets/KongQueZhuYu_0050_method_overlay_grid.png
contact_sheet,all,KongQueZhuYu_0050,/data/fj/F2DMAS/00-论文优化重构/计算机与电子农业特刊实验工作区/06-实验一四样本代表集/E1_Representative4_PottedPlant_VFM/visual_assets/contact_sheets/KongQueZhuYu_0050_method_overlay_grid.tif
gt_overlay,GT,KongQueZhuYu_0075,/data/fj/F2DMAS/00-论文优化重构/计算机与电子农业特刊实验工作区/06-实验一四样本代表集/E1_Representative4_PottedPlant_VFM/visual_assets/gt_overlays/KongQueZhuYu_0075_gt_overlay.png
overlay,SEEM_existing,KongQueZhuYu_0075,/data/fj/F2DMAS/00-论文优化重构/计算机与电子农业特刊实验工作区/06-实验一四样本代表集/E1_Representative4_PottedPlant_VFM/visual_assets/overlays/SEEM_existing/KongQueZhuYu_0075_SEEM_existing_overlay.png
error_map,SEEM_existing,KongQueZhuYu_0075,/data/fj/F2DMAS/00-论文优化重构/计算机与电子农业特刊实验工作区/06-实验一四样本代表集/E1_Representative4_PottedPlant_VFM/visual_assets/error_maps/SEEM_existing/KongQueZhuYu_0075_SEEM_existing_error.png
overlay,CLIPSeg_potted,KongQueZhuYu_0075,/data/fj/F2DMAS/00-论文优化重构/计算机与电子农业特刊实验工作区/06-实验一四样本代表集/E1_Representative4_PottedPlant_VFM/visual_assets/overlays/CLIPSeg_potted/KongQueZhuYu_0075_CLIPSeg_potted_overlay.png
error_map,CLIPSeg_potted,KongQueZhuYu_0075,/data/fj/F2DMAS/00-论文优化重构/计算机与电子农业特刊实验工作区/06-实验一四样本代表集/E1_Representative4_PottedPlant_VFM/visual_assets/error_maps/CLIPSeg_potted/KongQueZhuYu_0075_CLIPSeg_potted_error.png
overlay,GroundedSAM1_potted,KongQueZhuYu_0075,/data/fj/F2DMAS/00-论文优化重构/计算机与电子农业特刊实验工作区/06-实验一四样本代表集/E1_Representative4_PottedPlant_VFM/visual_assets/overlays/GroundedSAM1_potted/KongQueZhuYu_0075_GroundedSAM1_potted_overlay.png
error_map,GroundedSAM1_potted,KongQueZhuYu_0075,/data/fj/F2DMAS/00-论文优化重构/计算机与电子农业特刊实验工作区/06-实验一四样本代表集/E1_Representative4_PottedPlant_VFM/visual_assets/error_maps/GroundedSAM1_potted/KongQueZhuYu_0075_GroundedSAM1_potted_error.png
overlay,GroundedSAM2_potted,KongQueZhuYu_0075,/data/fj/F2DMAS/00-论文优化重构/计算机与电子农业特刊实验工作区/06-实验一四样本代表集/E1_Representative4_PottedPlant_VFM/visual_assets/overlays/GroundedSAM2_potted/KongQueZhuYu_0075_GroundedSAM2_potted_overlay.png
error_map,GroundedSAM2_potted,KongQueZhuYu_0075,/data/fj/F2DMAS/00-论文优化重构/计算机与电子农业特刊实验工作区/06-实验一四样本代表集/E1_Representative4_PottedPlant_VFM/visual_assets/error_maps/GroundedSAM2_potted/KongQueZhuYu_0075_GroundedSAM2_potted_error.png
overlay,SAM2_oracle_box,KongQueZhuYu_0075,/data/fj/F2DMAS/00-论文优化重构/计算机与电子农业特刊实验工作区/06-实验一四样本代表集/E1_Representative4_PottedPlant_VFM/visual_assets/overlays/SAM2_oracle_box/KongQueZhuYu_0075_SAM2_oracle_box_overlay.png
error_map,SAM2_oracle_box,KongQueZhuYu_0075,/data/fj/F2DMAS/00-论文优化重构/计算机与电子农业特刊实验工作区/06-实验一四样本代表集/E1_Representative4_PottedPlant_VFM/visual_assets/error_maps/SAM2_oracle_box/KongQueZhuYu_0075_SAM2_oracle_box_error.png
overlay,SAM3_P2,KongQueZhuYu_0075,/data/fj/F2DMAS/00-论文优化重构/计算机与电子农业特刊实验工作区/06-实验一四样本代表集/E1_Representative4_PottedPlant_VFM/visual_assets/overlays/SAM3_P2/KongQueZhuYu_0075_SAM3_P2_overlay.png
error_map,SAM3_P2,KongQueZhuYu_0075,/data/fj/F2DMAS/00-论文优化重构/计算机与电子农业特刊实验工作区/06-实验一四样本代表集/E1_Representative4_PottedPlant_VFM/visual_assets/error_maps/SAM3_P2/KongQueZhuYu_0075_SAM3_P2_error.png
overlay,RAP-FSAM3-v2,KongQueZhuYu_0075,/data/fj/F2DMAS/00-论文优化重构/计算机与电子农业特刊实验工作区/06-实验一四样本代表集/E1_Representative4_PottedPlant_VFM/visual_assets/overlays/RAP-FSAM3-v2/KongQueZhuYu_0075_RAP-FSAM3-v2_overlay.png
error_map,RAP-FSAM3-v2,KongQueZhuYu_0075,/data/fj/F2DMAS/00-论文优化重构/计算机与电子农业特刊实验工作区/06-实验一四样本代表集/E1_Representative4_PottedPlant_VFM/visual_assets/error_maps/RAP-FSAM3-v2/KongQueZhuYu_0075_RAP-FSAM3-v2_error.png
overlay,UNet_fewshot_seqcv,KongQueZhuYu_0075,/data/fj/F2DMAS/00-论文优化重构/计算机与电子农业特刊实验工作区/06-实验一四样本代表集/E1_Representative4_PottedPlant_VFM/visual_assets/overlays/UNet_fewshot_seqcv/KongQueZhuYu_0075_UNet_fewshot_seqcv_overlay.png
error_map,UNet_fewshot_seqcv,KongQueZhuYu_0075,/data/fj/F2DMAS/00-论文优化重构/计算机与电子农业特刊实验工作区/06-实验一四样本代表集/E1_Representative4_PottedPlant_VFM/visual_assets/error_maps/UNet_fewshot_seqcv/KongQueZhuYu_0075_UNet_fewshot_seqcv_error.png
overlay,DeepLabV3PlusLite_fewshot_seqcv,KongQueZhuYu_0075,/data/fj/F2DMAS/00-论文优化重构/计算机与电子农业特刊实验工作区/06-实验一四样本代表集/E1_Representative4_PottedPlant_VFM/visual_assets/overlays/DeepLabV3PlusLite_fewshot_seqcv/KongQueZhuYu_0075_DeepLabV3PlusLite_fewshot_seqcv_overlay.png
error_map,DeepLabV3PlusLite_fewshot_seqcv,KongQueZhuYu_0075,/data/fj/F2DMAS/00-论文优化重构/计算机与电子农业特刊实验工作区/06-实验一四样本代表集/E1_Representative4_PottedPlant_VFM/visual_assets/error_maps/DeepLabV3PlusLite_fewshot_seqcv/KongQueZhuYu_0075_DeepLabV3PlusLite_fewshot_seqcv_error.png
overlay,SAM_existing,KongQueZhuYu_0075,/data/fj/F2DMAS/00-论文优化重构/计算机与电子农业特刊实验工作区/06-实验一四样本代表集/E1_Representative4_PottedPlant_VFM/visual_assets/overlays/SAM_existing/KongQueZhuYu_0075_SAM_existing_overlay.png
error_map,SAM_existing,KongQueZhuYu_0075,/data/fj/F2DMAS/00-论文优化重构/计算机与电子农业特刊实验工作区/06-实验一四样本代表集/E1_Representative4_PottedPlant_VFM/visual_assets/error_maps/SAM_existing/KongQueZhuYu_0075_SAM_existing_error.png
contact_sheet,all,KongQueZhuYu_0075,/data/fj/F2DMAS/00-论文优化重构/计算机与电子农业特刊实验工作区/06-实验一四样本代表集/E1_Representative4_PottedPlant_VFM/visual_assets/contact_sheets/KongQueZhuYu_0075_method_overlay_grid.png
contact_sheet,all,KongQueZhuYu_0075,/data/fj/F2DMAS/00-论文优化重构/计算机与电子农业特刊实验工作区/06-实验一四样本代表集/E1_Representative4_PottedPlant_VFM/visual_assets/contact_sheets/KongQueZhuYu_0075_method_overlay_grid.tif
gt_overlay,GT,KongQueZhuYu_0100,/data/fj/F2DMAS/00-论文优化重构/计算机与电子农业特刊实验工作区/06-实验一四样本代表集/E1_Representative4_PottedPlant_VFM/visual_assets/gt_overlays/KongQueZhuYu_0100_gt_overlay.png
overlay,SEEM_existing,KongQueZhuYu_0100,/data/fj/F2DMAS/00-论文优化重构/计算机与电子农业特刊实验工作区/06-实验一四样本代表集/E1_Representative4_PottedPlant_VFM/visual_assets/overlays/SEEM_existing/KongQueZhuYu_0100_SEEM_existing_overlay.png
error_map,SEEM_existing,KongQueZhuYu_0100,/data/fj/F2DMAS/00-论文优化重构/计算机与电子农业特刊实验工作区/06-实验一四样本代表集/E1_Representative4_PottedPlant_VFM/visual_assets/error_maps/SEEM_existing/KongQueZhuYu_0100_SEEM_existing_error.png
overlay,CLIPSeg_potted,KongQueZhuYu_0100,/data/fj/F2DMAS/00-论文优化重构/计算机与电子农业特刊实验工作区/06-实验一四样本代表集/E1_Representative4_PottedPlant_VFM/visual_assets/overlays/CLIPSeg_potted/KongQueZhuYu_0100_CLIPSeg_potted_overlay.png
error_map,CLIPSeg_potted,KongQueZhuYu_0100,/data/fj/F2DMAS/00-论文优化重构/计算机与电子农业特刊实验工作区/06-实验一四样本代表集/E1_Representative4_PottedPlant_VFM/visual_assets/error_maps/CLIPSeg_potted/KongQueZhuYu_0100_CLIPSeg_potted_error.png
overlay,GroundedSAM1_potted,KongQueZhuYu_0100,/data/fj/F2DMAS/00-论文优化重构/计算机与电子农业特刊实验工作区/06-实验一四样本代表集/E1_Representative4_PottedPlant_VFM/visual_assets/overlays/GroundedSAM1_potted/KongQueZhuYu_0100_GroundedSAM1_potted_overlay.png
error_map,GroundedSAM1_potted,KongQueZhuYu_0100,/data/fj/F2DMAS/00-论文优化重构/计算机与电子农业特刊实验工作区/06-实验一四样本代表集/E1_Representative4_PottedPlant_VFM/visual_assets/error_maps/GroundedSAM1_potted/KongQueZhuYu_0100_GroundedSAM1_potted_error.png
overlay,GroundedSAM2_potted,KongQueZhuYu_0100,/data/fj/F2DMAS/00-论文优化重构/计算机与电子农业特刊实验工作区/06-实验一四样本代表集/E1_Representative4_PottedPlant_VFM/visual_assets/overlays/GroundedSAM2_potted/KongQueZhuYu_0100_GroundedSAM2_potted_overlay.png
error_map,GroundedSAM2_potted,KongQueZhuYu_0100,/data/fj/F2DMAS/00-论文优化重构/计算机与电子农业特刊实验工作区/06-实验一四样本代表集/E1_Representative4_PottedPlant_VFM/visual_assets/error_maps/GroundedSAM2_potted/KongQueZhuYu_0100_GroundedSAM2_potted_error.png
overlay,SAM2_oracle_box,KongQueZhuYu_0100,/data/fj/F2DMAS/00-论文优化重构/计算机与电子农业特刊实验工作区/06-实验一四样本代表集/E1_Representative4_PottedPlant_VFM/visual_assets/overlays/SAM2_oracle_box/KongQueZhuYu_0100_SAM2_oracle_box_overlay.png
error_map,SAM2_oracle_box,KongQueZhuYu_0100,/data/fj/F2DMAS/00-论文优化重构/计算机与电子农业特刊实验工作区/06-实验一四样本代表集/E1_Representative4_PottedPlant_VFM/visual_assets/error_maps/SAM2_oracle_box/KongQueZhuYu_0100_SAM2_oracle_box_error.png
overlay,SAM3_P2,KongQueZhuYu_0100,/data/fj/F2DMAS/00-论文优化重构/计算机与电子农业特刊实验工作区/06-实验一四样本代表集/E1_Representative4_PottedPlant_VFM/visual_assets/overlays/SAM3_P2/KongQueZhuYu_0100_SAM3_P2_overlay.png
error_map,SAM3_P2,KongQueZhuYu_0100,/data/fj/F2DMAS/00-论文优化重构/计算机与电子农业特刊实验工作区/06-实验一四样本代表集/E1_Representative4_PottedPlant_VFM/visual_assets/error_maps/SAM3_P2/KongQueZhuYu_0100_SAM3_P2_error.png
overlay,RAP-FSAM3-v2,KongQueZhuYu_0100,/data/fj/F2DMAS/00-论文优化重构/计算机与电子农业特刊实验工作区/06-实验一四样本代表集/E1_Representative4_PottedPlant_VFM/visual_assets/overlays/RAP-FSAM3-v2/KongQueZhuYu_0100_RAP-FSAM3-v2_overlay.png
error_map,RAP-FSAM3-v2,KongQueZhuYu_0100,/data/fj/F2DMAS/00-论文优化重构/计算机与电子农业特刊实验工作区/06-实验一四样本代表集/E1_Representative4_PottedPlant_VFM/visual_assets/error_maps/RAP-FSAM3-v2/KongQueZhuYu_0100_RAP-FSAM3-v2_error.png
overlay,UNet_fewshot_seqcv,KongQueZhuYu_0100,/data/fj/F2DMAS/00-论文优化重构/计算机与电子农业特刊实验工作区/06-实验一四样本代表集/E1_Representative4_PottedPlant_VFM/visual_assets/overlays/UNet_fewshot_seqcv/KongQueZhuYu_0100_UNet_fewshot_seqcv_overlay.png
error_map,UNet_fewshot_seqcv,KongQueZhuYu_0100,/data/fj/F2DMAS/00-论文优化重构/计算机与电子农业特刊实验工作区/06-实验一四样本代表集/E1_Representative4_PottedPlant_VFM/visual_assets/error_maps/UNet_fewshot_seqcv/KongQueZhuYu_0100_UNet_fewshot_seqcv_error.png
overlay,DeepLabV3PlusLite_fewshot_seqcv,KongQueZhuYu_0100,/data/fj/F2DMAS/00-论文优化重构/计算机与电子农业特刊实验工作区/06-实验一四样本代表集/E1_Representative4_PottedPlant_VFM/visual_assets/overlays/DeepLabV3PlusLite_fewshot_seqcv/KongQueZhuYu_0100_DeepLabV3PlusLite_fewshot_seqcv_overlay.png
error_map,DeepLabV3PlusLite_fewshot_seqcv,KongQueZhuYu_0100,/data/fj/F2DMAS/00-论文优化重构/计算机与电子农业特刊实验工作区/06-实验一四样本代表集/E1_Representative4_PottedPlant_VFM/visual_assets/error_maps/DeepLabV3PlusLite_fewshot_seqcv/KongQueZhuYu_0100_DeepLabV3PlusLite_fewshot_seqcv_error.png
overlay,SAM_existing,KongQueZhuYu_0100,/data/fj/F2DMAS/00-论文优化重构/计算机与电子农业特刊实验工作区/06-实验一四样本代表集/E1_Representative4_PottedPlant_VFM/visual_assets/overlays/SAM_existing/KongQueZhuYu_0100_SAM_existing_overlay.png
error_map,SAM_existing,KongQueZhuYu_0100,/data/fj/F2DMAS/00-论文优化重构/计算机与电子农业特刊实验工作区/06-实验一四样本代表集/E1_Representative4_PottedPlant_VFM/visual_assets/error_maps/SAM_existing/KongQueZhuYu_0100_SAM_existing_error.png
contact_sheet,all,KongQueZhuYu_0100,/data/fj/F2DMAS/00-论文优化重构/计算机与电子农业特刊实验工作区/06-实验一四样本代表集/E1_Representative4_PottedPlant_VFM/visual_assets/contact_sheets/KongQueZhuYu_0100_method_overlay_grid.png
contact_sheet,all,KongQueZhuYu_0100,/data/fj/F2DMAS/00-论文优化重构/计算机与电子农业特刊实验工作区/06-实验一四样本代表集/E1_Representative4_PottedPlant_VFM/visual_assets/contact_sheets/KongQueZhuYu_0100_method_overlay_grid.tif
gt_overlay,GT,DouBanLv1_0000,/data/fj/F2DMAS/00-论文优化重构/计算机与电子农业特刊实验工作区/06-实验一四样本代表集/E1_Representative4_PottedPlant_VFM/visual_assets/gt_overlays/DouBanLv1_0000_gt_overlay.png
overlay,SEEM_existing,DouBanLv1_0000,/data/fj/F2DMAS/00-论文优化重构/计算机与电子农业特刊实验工作区/06-实验一四样本代表集/E1_Representative4_PottedPlant_VFM/visual_assets/overlays/SEEM_existing/DouBanLv1_0000_SEEM_existing_overlay.png
error_map,SEEM_existing,DouBanLv1_0000,/data/fj/F2DMAS/00-论文优化重构/计算机与电子农业特刊实验工作区/06-实验一四样本代表集/E1_Representative4_PottedPlant_VFM/visual_assets/error_maps/SEEM_existing/DouBanLv1_0000_SEEM_existing_error.png
overlay,CLIPSeg_potted,DouBanLv1_0000,/data/fj/F2DMAS/00-论文优化重构/计算机与电子农业特刊实验工作区/06-实验一四样本代表集/E1_Representative4_PottedPlant_VFM/visual_assets/overlays/CLIPSeg_potted/DouBanLv1_0000_CLIPSeg_potted_overlay.png
error_map,CLIPSeg_potted,DouBanLv1_0000,/data/fj/F2DMAS/00-论文优化重构/计算机与电子农业特刊实验工作区/06-实验一四样本代表集/E1_Representative4_PottedPlant_VFM/visual_assets/error_maps/CLIPSeg_potted/DouBanLv1_0000_CLIPSeg_potted_error.png
overlay,GroundedSAM1_potted,DouBanLv1_0000,/data/fj/F2DMAS/00-论文优化重构/计算机与电子农业特刊实验工作区/06-实验一四样本代表集/E1_Representative4_PottedPlant_VFM/visual_assets/overlays/GroundedSAM1_potted/DouBanLv1_0000_GroundedSAM1_potted_overlay.png
error_map,GroundedSAM1_potted,DouBanLv1_0000,/data/fj/F2DMAS/00-论文优化重构/计算机与电子农业特刊实验工作区/06-实验一四样本代表集/E1_Representative4_PottedPlant_VFM/visual_assets/error_maps/GroundedSAM1_potted/DouBanLv1_0000_GroundedSAM1_potted_error.png
overlay,GroundedSAM2_potted,DouBanLv1_0000,/data/fj/F2DMAS/00-论文优化重构/计算机与电子农业特刊实验工作区/06-实验一四样本代表集/E1_Representative4_PottedPlant_VFM/visual_assets/overlays/GroundedSAM2_potted/DouBanLv1_0000_GroundedSAM2_potted_overlay.png
error_map,GroundedSAM2_potted,DouBanLv1_0000,/data/fj/F2DMAS/00-论文优化重构/计算机与电子农业特刊实验工作区/06-实验一四样本代表集/E1_Representative4_PottedPlant_VFM/visual_assets/error_maps/GroundedSAM2_potted/DouBanLv1_0000_GroundedSAM2_potted_error.png
overlay,SAM2_oracle_box,DouBanLv1_0000,/data/fj/F2DMAS/00-论文优化重构/计算机与电子农业特刊实验工作区/06-实验一四样本代表集/E1_Representative4_PottedPlant_VFM/visual_assets/overlays/SAM2_oracle_box/DouBanLv1_0000_SAM2_oracle_box_overlay.png
error_map,SAM2_oracle_box,DouBanLv1_0000,/data/fj/F2DMAS/00-论文优化重构/计算机与电子农业特刊实验工作区/06-实验一四样本代表集/E1_Representative4_PottedPlant_VFM/visual_assets/error_maps/SAM2_oracle_box/DouBanLv1_0000_SAM2_oracle_box_error.png
overlay,SAM3_P2,DouBanLv1_0000,/data/fj/F2DMAS/00-论文优化重构/计算机与电子农业特刊实验工作区/06-实验一四样本代表集/E1_Representative4_PottedPlant_VFM/visual_assets/overlays/SAM3_P2/DouBanLv1_0000_SAM3_P2_overlay.png
error_map,SAM3_P2,DouBanLv1_0000,/data/fj/F2DMAS/00-论文优化重构/计算机与电子农业特刊实验工作区/06-实验一四样本代表集/E1_Representative4_PottedPlant_VFM/visual_assets/error_maps/SAM3_P2/DouBanLv1_0000_SAM3_P2_error.png
overlay,RAP-FSAM3-v2,DouBanLv1_0000,/data/fj/F2DMAS/00-论文优化重构/计算机与电子农业特刊实验工作区/06-实验一四样本代表集/E1_Representative4_PottedPlant_VFM/visual_assets/overlays/RAP-FSAM3-v2/DouBanLv1_0000_RAP-FSAM3-v2_overlay.png
error_map,RAP-FSAM3-v2,DouBanLv1_0000,/data/fj/F2DMAS/00-论文优化重构/计算机与电子农业特刊实验工作区/06-实验一四样本代表集/E1_Representative4_PottedPlant_VFM/visual_assets/error_maps/RAP-FSAM3-v2/DouBanLv1_0000_RAP-FSAM3-v2_error.png
overlay,UNet_fewshot_seqcv,DouBanLv1_0000,/data/fj/F2DMAS/00-论文优化重构/计算机与电子农业特刊实验工作区/06-实验一四样本代表集/E1_Representative4_PottedPlant_VFM/visual_assets/overlays/UNet_fewshot_seqcv/DouBanLv1_0000_UNet_fewshot_seqcv_overlay.png
error_map,UNet_fewshot_seqcv,DouBanLv1_0000,/data/fj/F2DMAS/00-论文优化重构/计算机与电子农业特刊实验工作区/06-实验一四样本代表集/E1_Representative4_PottedPlant_VFM/visual_assets/error_maps/UNet_fewshot_seqcv/DouBanLv1_0000_UNet_fewshot_seqcv_error.png
overlay,DeepLabV3PlusLite_fewshot_seqcv,DouBanLv1_0000,/data/fj/F2DMAS/00-论文优化重构/计算机与电子农业特刊实验工作区/06-实验一四样本代表集/E1_Representative4_PottedPlant_VFM/visual_assets/overlays/DeepLabV3PlusLite_fewshot_seqcv/DouBanLv1_0000_DeepLabV3PlusLite_fewshot_seqcv_overlay.png
error_map,DeepLabV3PlusLite_fewshot_seqcv,DouBanLv1_0000,/data/fj/F2DMAS/00-论文优化重构/计算机与电子农业特刊实验工作区/06-实验一四样本代表集/E1_Representative4_PottedPlant_VFM/visual_assets/error_maps/DeepLabV3PlusLite_fewshot_seqcv/DouBanLv1_0000_DeepLabV3PlusLite_fewshot_seqcv_error.png
overlay,SAM_existing,DouBanLv1_0000,/data/fj/F2DMAS/00-论文优化重构/计算机与电子农业特刊实验工作区/06-实验一四样本代表集/E1_Representative4_PottedPlant_VFM/visual_assets/overlays/SAM_existing/DouBanLv1_0000_SAM_existing_overlay.png
error_map,SAM_existing,DouBanLv1_0000,/data/fj/F2DMAS/00-论文优化重构/计算机与电子农业特刊实验工作区/06-实验一四样本代表集/E1_Representative4_PottedPlant_VFM/visual_assets/error_maps/SAM_existing/DouBanLv1_0000_SAM_existing_error.png
contact_sheet,all,DouBanLv1_0000,/data/fj/F2DMAS/00-论文优化重构/计算机与电子农业特刊实验工作区/06-实验一四样本代表集/E1_Representative4_PottedPlant_VFM/visual_assets/contact_sheets/DouBanLv1_0000_method_overlay_grid.png
contact_sheet,all,DouBanLv1_0000,/data/fj/F2DMAS/00-论文优化重构/计算机与电子农业特刊实验工作区/06-实验一四样本代表集/E1_Representative4_PottedPlant_VFM/visual_assets/contact_sheets/DouBanLv1_0000_method_overlay_grid.tif
gt_overlay,GT,DouBanLv1_0025,/data/fj/F2DMAS/00-论文优化重构/计算机与电子农业特刊实验工作区/06-实验一四样本代表集/E1_Representative4_PottedPlant_VFM/visual_assets/gt_overlays/DouBanLv1_0025_gt_overlay.png
overlay,SEEM_existing,DouBanLv1_0025,/data/fj/F2DMAS/00-论文优化重构/计算机与电子农业特刊实验工作区/06-实验一四样本代表集/E1_Representative4_PottedPlant_VFM/visual_assets/overlays/SEEM_existing/DouBanLv1_0025_SEEM_existing_overlay.png
error_map,SEEM_existing,DouBanLv1_0025,/data/fj/F2DMAS/00-论文优化重构/计算机与电子农业特刊实验工作区/06-实验一四样本代表集/E1_Representative4_PottedPlant_VFM/visual_assets/error_maps/SEEM_existing/DouBanLv1_0025_SEEM_existing_error.png
overlay,CLIPSeg_potted,DouBanLv1_0025,/data/fj/F2DMAS/00-论文优化重构/计算机与电子农业特刊实验工作区/06-实验一四样本代表集/E1_Representative4_PottedPlant_VFM/visual_assets/overlays/CLIPSeg_potted/DouBanLv1_0025_CLIPSeg_potted_overlay.png
error_map,CLIPSeg_potted,DouBanLv1_0025,/data/fj/F2DMAS/00-论文优化重构/计算机与电子农业特刊实验工作区/06-实验一四样本代表集/E1_Representative4_PottedPlant_VFM/visual_assets/error_maps/CLIPSeg_potted/DouBanLv1_0025_CLIPSeg_potted_error.png
overlay,GroundedSAM1_potted,DouBanLv1_0025,/data/fj/F2DMAS/00-论文优化重构/计算机与电子农业特刊实验工作区/06-实验一四样本代表集/E1_Representative4_PottedPlant_VFM/visual_assets/overlays/GroundedSAM1_potted/DouBanLv1_0025_GroundedSAM1_potted_overlay.png
error_map,GroundedSAM1_potted,DouBanLv1_0025,/data/fj/F2DMAS/00-论文优化重构/计算机与电子农业特刊实验工作区/06-实验一四样本代表集/E1_Representative4_PottedPlant_VFM/visual_assets/error_maps/GroundedSAM1_potted/DouBanLv1_0025_GroundedSAM1_potted_error.png
overlay,GroundedSAM2_potted,DouBanLv1_0025,/data/fj/F2DMAS/00-论文优化重构/计算机与电子农业特刊实验工作区/06-实验一四样本代表集/E1_Representative4_PottedPlant_VFM/visual_assets/overlays/GroundedSAM2_potted/DouBanLv1_0025_GroundedSAM2_potted_overlay.png
error_map,GroundedSAM2_potted,DouBanLv1_0025,/data/fj/F2DMAS/00-论文优化重构/计算机与电子农业特刊实验工作区/06-实验一四样本代表集/E1_Representative4_PottedPlant_VFM/visual_assets/error_maps/GroundedSAM2_potted/DouBanLv1_0025_GroundedSAM2_potted_error.png
overlay,SAM2_oracle_box,DouBanLv1_0025,/data/fj/F2DMAS/00-论文优化重构/计算机与电子农业特刊实验工作区/06-实验一四样本代表集/E1_Representative4_PottedPlant_VFM/visual_assets/overlays/SAM2_oracle_box/DouBanLv1_0025_SAM2_oracle_box_overlay.png
error_map,SAM2_oracle_box,DouBanLv1_0025,/data/fj/F2DMAS/00-论文优化重构/计算机与电子农业特刊实验工作区/06-实验一四样本代表集/E1_Representative4_PottedPlant_VFM/visual_assets/error_maps/SAM2_oracle_box/DouBanLv1_0025_SAM2_oracle_box_error.png
overlay,SAM3_P2,DouBanLv1_0025,/data/fj/F2DMAS/00-论文优化重构/计算机与电子农业特刊实验工作区/06-实验一四样本代表集/E1_Representative4_PottedPlant_VFM/visual_assets/overlays/SAM3_P2/DouBanLv1_0025_SAM3_P2_overlay.png
error_map,SAM3_P2,DouBanLv1_0025,/data/fj/F2DMAS/00-论文优化重构/计算机与电子农业特刊实验工作区/06-实验一四样本代表集/E1_Representative4_PottedPlant_VFM/visual_assets/error_maps/SAM3_P2/DouBanLv1_0025_SAM3_P2_error.png
overlay,RAP-FSAM3-v2,DouBanLv1_0025,/data/fj/F2DMAS/00-论文优化重构/计算机与电子农业特刊实验工作区/06-实验一四样本代表集/E1_Representative4_PottedPlant_VFM/visual_assets/overlays/RAP-FSAM3-v2/DouBanLv1_0025_RAP-FSAM3-v2_overlay.png
error_map,RAP-FSAM3-v2,DouBanLv1_0025,/data/fj/F2DMAS/00-论文优化重构/计算机与电子农业特刊实验工作区/06-实验一四样本代表集/E1_Representative4_PottedPlant_VFM/visual_assets/error_maps/RAP-FSAM3-v2/DouBanLv1_0025_RAP-FSAM3-v2_error.png
overlay,UNet_fewshot_seqcv,DouBanLv1_0025,/data/fj/F2DMAS/00-论文优化重构/计算机与电子农业特刊实验工作区/06-实验一四样本代表集/E1_Representative4_PottedPlant_VFM/visual_assets/overlays/UNet_fewshot_seqcv/DouBanLv1_0025_UNet_fewshot_seqcv_overlay.png
error_map,UNet_fewshot_seqcv,DouBanLv1_0025,/data/fj/F2DMAS/00-论文优化重构/计算机与电子农业特刊实验工作区/06-实验一四样本代表集/E1_Representative4_PottedPlant_VFM/visual_assets/error_maps/UNet_fewshot_seqcv/DouBanLv1_0025_UNet_fewshot_seqcv_error.png
overlay,DeepLabV3PlusLite_fewshot_seqcv,DouBanLv1_0025,/data/fj/F2DMAS/00-论文优化重构/计算机与电子农业特刊实验工作区/06-实验一四样本代表集/E1_Representative4_PottedPlant_VFM/visual_assets/overlays/DeepLabV3PlusLite_fewshot_seqcv/DouBanLv1_0025_DeepLabV3PlusLite_fewshot_seqcv_overlay.png
error_map,DeepLabV3PlusLite_fewshot_seqcv,DouBanLv1_0025,/data/fj/F2DMAS/00-论文优化重构/计算机与电子农业特刊实验工作区/06-实验一四样本代表集/E1_Representative4_PottedPlant_VFM/visual_assets/error_maps/DeepLabV3PlusLite_fewshot_seqcv/DouBanLv1_0025_DeepLabV3PlusLite_fewshot_seqcv_error.png
overlay,SAM_existing,DouBanLv1_0025,/data/fj/F2DMAS/00-论文优化重构/计算机与电子农业特刊实验工作区/06-实验一四样本代表集/E1_Representative4_PottedPlant_VFM/visual_assets/overlays/SAM_existing/DouBanLv1_0025_SAM_existing_overlay.png
error_map,SAM_existing,DouBanLv1_0025,/data/fj/F2DMAS/00-论文优化重构/计算机与电子农业特刊实验工作区/06-实验一四样本代表集/E1_Representative4_PottedPlant_VFM/visual_assets/error_maps/SAM_existing/DouBanLv1_0025_SAM_existing_error.png
contact_sheet,all,DouBanLv1_0025,/data/fj/F2DMAS/00-论文优化重构/计算机与电子农业特刊实验工作区/06-实验一四样本代表集/E1_Representative4_PottedPlant_VFM/visual_assets/contact_sheets/DouBanLv1_0025_method_overlay_grid.png
contact_sheet,all,DouBanLv1_0025,/data/fj/F2DMAS/00-论文优化重构/计算机与电子农业特刊实验工作区/06-实验一四样本代表集/E1_Representative4_PottedPlant_VFM/visual_assets/contact_sheets/DouBanLv1_0025_method_overlay_grid.tif
gt_overlay,GT,DouBanLv1_0050,/data/fj/F2DMAS/00-论文优化重构/计算机与电子农业特刊实验工作区/06-实验一四样本代表集/E1_Representative4_PottedPlant_VFM/visual_assets/gt_overlays/DouBanLv1_0050_gt_overlay.png
overlay,SEEM_existing,DouBanLv1_0050,/data/fj/F2DMAS/00-论文优化重构/计算机与电子农业特刊实验工作区/06-实验一四样本代表集/E1_Representative4_PottedPlant_VFM/visual_assets/overlays/SEEM_existing/DouBanLv1_0050_SEEM_existing_overlay.png
error_map,SEEM_existing,DouBanLv1_0050,/data/fj/F2DMAS/00-论文优化重构/计算机与电子农业特刊实验工作区/06-实验一四样本代表集/E1_Representative4_PottedPlant_VFM/visual_assets/error_maps/SEEM_existing/DouBanLv1_0050_SEEM_existing_error.png
overlay,CLIPSeg_potted,DouBanLv1_0050,/data/fj/F2DMAS/00-论文优化重构/计算机与电子农业特刊实验工作区/06-实验一四样本代表集/E1_Representative4_PottedPlant_VFM/visual_assets/overlays/CLIPSeg_potted/DouBanLv1_0050_CLIPSeg_potted_overlay.png
error_map,CLIPSeg_potted,DouBanLv1_0050,/data/fj/F2DMAS/00-论文优化重构/计算机与电子农业特刊实验工作区/06-实验一四样本代表集/E1_Representative4_PottedPlant_VFM/visual_assets/error_maps/CLIPSeg_potted/DouBanLv1_0050_CLIPSeg_potted_error.png
overlay,GroundedSAM1_potted,DouBanLv1_0050,/data/fj/F2DMAS/00-论文优化重构/计算机与电子农业特刊实验工作区/06-实验一四样本代表集/E1_Representative4_PottedPlant_VFM/visual_assets/overlays/GroundedSAM1_potted/DouBanLv1_0050_GroundedSAM1_potted_overlay.png
error_map,GroundedSAM1_potted,DouBanLv1_0050,/data/fj/F2DMAS/00-论文优化重构/计算机与电子农业特刊实验工作区/06-实验一四样本代表集/E1_Representative4_PottedPlant_VFM/visual_assets/error_maps/GroundedSAM1_potted/DouBanLv1_0050_GroundedSAM1_potted_error.png
overlay,GroundedSAM2_potted,DouBanLv1_0050,/data/fj/F2DMAS/00-论文优化重构/计算机与电子农业特刊实验工作区/06-实验一四样本代表集/E1_Representative4_PottedPlant_VFM/visual_assets/overlays/GroundedSAM2_potted/DouBanLv1_0050_GroundedSAM2_potted_overlay.png
error_map,GroundedSAM2_potted,DouBanLv1_0050,/data/fj/F2DMAS/00-论文优化重构/计算机与电子农业特刊实验工作区/06-实验一四样本代表集/E1_Representative4_PottedPlant_VFM/visual_assets/error_maps/GroundedSAM2_potted/DouBanLv1_0050_GroundedSAM2_potted_error.png
overlay,SAM2_oracle_box,DouBanLv1_0050,/data/fj/F2DMAS/00-论文优化重构/计算机与电子农业特刊实验工作区/06-实验一四样本代表集/E1_Representative4_PottedPlant_VFM/visual_assets/overlays/SAM2_oracle_box/DouBanLv1_0050_SAM2_oracle_box_overlay.png
error_map,SAM2_oracle_box,DouBanLv1_0050,/data/fj/F2DMAS/00-论文优化重构/计算机与电子农业特刊实验工作区/06-实验一四样本代表集/E1_Representative4_PottedPlant_VFM/visual_assets/error_maps/SAM2_oracle_box/DouBanLv1_0050_SAM2_oracle_box_error.png
overlay,SAM3_P2,DouBanLv1_0050,/data/fj/F2DMAS/00-论文优化重构/计算机与电子农业特刊实验工作区/06-实验一四样本代表集/E1_Representative4_PottedPlant_VFM/visual_assets/overlays/SAM3_P2/DouBanLv1_0050_SAM3_P2_overlay.png
error_map,SAM3_P2,DouBanLv1_0050,/data/fj/F2DMAS/00-论文优化重构/计算机与电子农业特刊实验工作区/06-实验一四样本代表集/E1_Representative4_PottedPlant_VFM/visual_assets/error_maps/SAM3_P2/DouBanLv1_0050_SAM3_P2_error.png
overlay,RAP-FSAM3-v2,DouBanLv1_0050,/data/fj/F2DMAS/00-论文优化重构/计算机与电子农业特刊实验工作区/06-实验一四样本代表集/E1_Representative4_PottedPlant_VFM/visual_assets/overlays/RAP-FSAM3-v2/DouBanLv1_0050_RAP-FSAM3-v2_overlay.png
error_map,RAP-FSAM3-v2,DouBanLv1_0050,/data/fj/F2DMAS/00-论文优化重构/计算机与电子农业特刊实验工作区/06-实验一四样本代表集/E1_Representative4_PottedPlant_VFM/visual_assets/error_maps/RAP-FSAM3-v2/DouBanLv1_0050_RAP-FSAM3-v2_error.png
overlay,UNet_fewshot_seqcv,DouBanLv1_0050,/data/fj/F2DMAS/00-论文优化重构/计算机与电子农业特刊实验工作区/06-实验一四样本代表集/E1_Representative4_PottedPlant_VFM/visual_assets/overlays/UNet_fewshot_seqcv/DouBanLv1_0050_UNet_fewshot_seqcv_overlay.png
error_map,UNet_fewshot_seqcv,DouBanLv1_0050,/data/fj/F2DMAS/00-论文优化重构/计算机与电子农业特刊实验工作区/06-实验一四样本代表集/E1_Representative4_PottedPlant_VFM/visual_assets/error_maps/UNet_fewshot_seqcv/DouBanLv1_0050_UNet_fewshot_seqcv_error.png
overlay,DeepLabV3PlusLite_fewshot_seqcv,DouBanLv1_0050,/data/fj/F2DMAS/00-论文优化重构/计算机与电子农业特刊实验工作区/06-实验一四样本代表集/E1_Representative4_PottedPlant_VFM/visual_assets/overlays/DeepLabV3PlusLite_fewshot_seqcv/DouBanLv1_0050_DeepLabV3PlusLite_fewshot_seqcv_overlay.png
error_map,DeepLabV3PlusLite_fewshot_seqcv,DouBanLv1_0050,/data/fj/F2DMAS/00-论文优化重构/计算机与电子农业特刊实验工作区/06-实验一四样本代表集/E1_Representative4_PottedPlant_VFM/visual_assets/error_maps/DeepLabV3PlusLite_fewshot_seqcv/DouBanLv1_0050_DeepLabV3PlusLite_fewshot_seqcv_error.png
contact_sheet,all,DouBanLv1_0050,/data/fj/F2DMAS/00-论文优化重构/计算机与电子农业特刊实验工作区/06-实验一四样本代表集/E1_Representative4_PottedPlant_VFM/visual_assets/contact_sheets/DouBanLv1_0050_method_overlay_grid.png
contact_sheet,all,DouBanLv1_0050,/data/fj/F2DMAS/00-论文优化重构/计算机与电子农业特刊实验工作区/06-实验一四样本代表集/E1_Representative4_PottedPlant_VFM/visual_assets/contact_sheets/DouBanLv1_0050_method_overlay_grid.tif
gt_overlay,GT,DouBanLv1_0075,/data/fj/F2DMAS/00-论文优化重构/计算机与电子农业特刊实验工作区/06-实验一四样本代表集/E1_Representative4_PottedPlant_VFM/visual_assets/gt_overlays/DouBanLv1_0075_gt_overlay.png
overlay,SEEM_existing,DouBanLv1_0075,/data/fj/F2DMAS/00-论文优化重构/计算机与电子农业特刊实验工作区/06-实验一四样本代表集/E1_Representative4_PottedPlant_VFM/visual_assets/overlays/SEEM_existing/DouBanLv1_0075_SEEM_existing_overlay.png
error_map,SEEM_existing,DouBanLv1_0075,/data/fj/F2DMAS/00-论文优化重构/计算机与电子农业特刊实验工作区/06-实验一四样本代表集/E1_Representative4_PottedPlant_VFM/visual_assets/error_maps/SEEM_existing/DouBanLv1_0075_SEEM_existing_error.png
overlay,CLIPSeg_potted,DouBanLv1_0075,/data/fj/F2DMAS/00-论文优化重构/计算机与电子农业特刊实验工作区/06-实验一四样本代表集/E1_Representative4_PottedPlant_VFM/visual_assets/overlays/CLIPSeg_potted/DouBanLv1_0075_CLIPSeg_potted_overlay.png
error_map,CLIPSeg_potted,DouBanLv1_0075,/data/fj/F2DMAS/00-论文优化重构/计算机与电子农业特刊实验工作区/06-实验一四样本代表集/E1_Representative4_PottedPlant_VFM/visual_assets/error_maps/CLIPSeg_potted/DouBanLv1_0075_CLIPSeg_potted_error.png
overlay,GroundedSAM1_potted,DouBanLv1_0075,/data/fj/F2DMAS/00-论文优化重构/计算机与电子农业特刊实验工作区/06-实验一四样本代表集/E1_Representative4_PottedPlant_VFM/visual_assets/overlays/GroundedSAM1_potted/DouBanLv1_0075_GroundedSAM1_potted_overlay.png
error_map,GroundedSAM1_potted,DouBanLv1_0075,/data/fj/F2DMAS/00-论文优化重构/计算机与电子农业特刊实验工作区/06-实验一四样本代表集/E1_Representative4_PottedPlant_VFM/visual_assets/error_maps/GroundedSAM1_potted/DouBanLv1_0075_GroundedSAM1_potted_error.png
overlay,GroundedSAM2_potted,DouBanLv1_0075,/data/fj/F2DMAS/00-论文优化重构/计算机与电子农业特刊实验工作区/06-实验一四样本代表集/E1_Representative4_PottedPlant_VFM/visual_assets/overlays/GroundedSAM2_potted/DouBanLv1_0075_GroundedSAM2_potted_overlay.png
error_map,GroundedSAM2_potted,DouBanLv1_0075,/data/fj/F2DMAS/00-论文优化重构/计算机与电子农业特刊实验工作区/06-实验一四样本代表集/E1_Representative4_PottedPlant_VFM/visual_assets/error_maps/GroundedSAM2_potted/DouBanLv1_0075_GroundedSAM2_potted_error.png
overlay,SAM2_oracle_box,DouBanLv1_0075,/data/fj/F2DMAS/00-论文优化重构/计算机与电子农业特刊实验工作区/06-实验一四样本代表集/E1_Representative4_PottedPlant_VFM/visual_assets/overlays/SAM2_oracle_box/DouBanLv1_0075_SAM2_oracle_box_overlay.png
error_map,SAM2_oracle_box,DouBanLv1_0075,/data/fj/F2DMAS/00-论文优化重构/计算机与电子农业特刊实验工作区/06-实验一四样本代表集/E1_Representative4_PottedPlant_VFM/visual_assets/error_maps/SAM2_oracle_box/DouBanLv1_0075_SAM2_oracle_box_error.png
overlay,SAM3_P2,DouBanLv1_0075,/data/fj/F2DMAS/00-论文优化重构/计算机与电子农业特刊实验工作区/06-实验一四样本代表集/E1_Representative4_PottedPlant_VFM/visual_assets/overlays/SAM3_P2/DouBanLv1_0075_SAM3_P2_overlay.png
error_map,SAM3_P2,DouBanLv1_0075,/data/fj/F2DMAS/00-论文优化重构/计算机与电子农业特刊实验工作区/06-实验一四样本代表集/E1_Representative4_PottedPlant_VFM/visual_assets/error_maps/SAM3_P2/DouBanLv1_0075_SAM3_P2_error.png
overlay,RAP-FSAM3-v2,DouBanLv1_0075,/data/fj/F2DMAS/00-论文优化重构/计算机与电子农业特刊实验工作区/06-实验一四样本代表集/E1_Representative4_PottedPlant_VFM/visual_assets/overlays/RAP-FSAM3-v2/DouBanLv1_0075_RAP-FSAM3-v2_overlay.png
error_map,RAP-FSAM3-v2,DouBanLv1_0075,/data/fj/F2DMAS/00-论文优化重构/计算机与电子农业特刊实验工作区/06-实验一四样本代表集/E1_Representative4_PottedPlant_VFM/visual_assets/error_maps/RAP-FSAM3-v2/DouBanLv1_0075_RAP-FSAM3-v2_error.png
overlay,UNet_fewshot_seqcv,DouBanLv1_0075,/data/fj/F2DMAS/00-论文优化重构/计算机与电子农业特刊实验工作区/06-实验一四样本代表集/E1_Representative4_PottedPlant_VFM/visual_assets/overlays/UNet_fewshot_seqcv/DouBanLv1_0075_UNet_fewshot_seqcv_overlay.png
error_map,UNet_fewshot_seqcv,DouBanLv1_0075,/data/fj/F2DMAS/00-论文优化重构/计算机与电子农业特刊实验工作区/06-实验一四样本代表集/E1_Representative4_PottedPlant_VFM/visual_assets/error_maps/UNet_fewshot_seqcv/DouBanLv1_0075_UNet_fewshot_seqcv_error.png
overlay,DeepLabV3PlusLite_fewshot_seqcv,DouBanLv1_0075,/data/fj/F2DMAS/00-论文优化重构/计算机与电子农业特刊实验工作区/06-实验一四样本代表集/E1_Representative4_PottedPlant_VFM/visual_assets/overlays/DeepLabV3PlusLite_fewshot_seqcv/DouBanLv1_0075_DeepLabV3PlusLite_fewshot_seqcv_overlay.png
error_map,DeepLabV3PlusLite_fewshot_seqcv,DouBanLv1_0075,/data/fj/F2DMAS/00-论文优化重构/计算机与电子农业特刊实验工作区/06-实验一四样本代表集/E1_Representative4_PottedPlant_VFM/visual_assets/error_maps/DeepLabV3PlusLite_fewshot_seqcv/DouBanLv1_0075_DeepLabV3PlusLite_fewshot_seqcv_error.png
overlay,SAM_existing,DouBanLv1_0075,/data/fj/F2DMAS/00-论文优化重构/计算机与电子农业特刊实验工作区/06-实验一四样本代表集/E1_Representative4_PottedPlant_VFM/visual_assets/overlays/SAM_existing/DouBanLv1_0075_SAM_existing_overlay.png
error_map,SAM_existing,DouBanLv1_0075,/data/fj/F2DMAS/00-论文优化重构/计算机与电子农业特刊实验工作区/06-实验一四样本代表集/E1_Representative4_PottedPlant_VFM/visual_assets/error_maps/SAM_existing/DouBanLv1_0075_SAM_existing_error.png
contact_sheet,all,DouBanLv1_0075,/data/fj/F2DMAS/00-论文优化重构/计算机与电子农业特刊实验工作区/06-实验一四样本代表集/E1_Representative4_PottedPlant_VFM/visual_assets/contact_sheets/DouBanLv1_0075_method_overlay_grid.png
contact_sheet,all,DouBanLv1_0075,/data/fj/F2DMAS/00-论文优化重构/计算机与电子农业特刊实验工作区/06-实验一四样本代表集/E1_Representative4_PottedPlant_VFM/visual_assets/contact_sheets/DouBanLv1_0075_method_overlay_grid.tif
gt_overlay,GT,DouBanLv1_0100,/data/fj/F2DMAS/00-论文优化重构/计算机与电子农业特刊实验工作区/06-实验一四样本代表集/E1_Representative4_PottedPlant_VFM/visual_assets/gt_overlays/DouBanLv1_0100_gt_overlay.png
overlay,SEEM_existing,DouBanLv1_0100,/data/fj/F2DMAS/00-论文优化重构/计算机与电子农业特刊实验工作区/06-实验一四样本代表集/E1_Representative4_PottedPlant_VFM/visual_assets/overlays/SEEM_existing/DouBanLv1_0100_SEEM_existing_overlay.png
error_map,SEEM_existing,DouBanLv1_0100,/data/fj/F2DMAS/00-论文优化重构/计算机与电子农业特刊实验工作区/06-实验一四样本代表集/E1_Representative4_PottedPlant_VFM/visual_assets/error_maps/SEEM_existing/DouBanLv1_0100_SEEM_existing_error.png
overlay,CLIPSeg_potted,DouBanLv1_0100,/data/fj/F2DMAS/00-论文优化重构/计算机与电子农业特刊实验工作区/06-实验一四样本代表集/E1_Representative4_PottedPlant_VFM/visual_assets/overlays/CLIPSeg_potted/DouBanLv1_0100_CLIPSeg_potted_overlay.png
error_map,CLIPSeg_potted,DouBanLv1_0100,/data/fj/F2DMAS/00-论文优化重构/计算机与电子农业特刊实验工作区/06-实验一四样本代表集/E1_Representative4_PottedPlant_VFM/visual_assets/error_maps/CLIPSeg_potted/DouBanLv1_0100_CLIPSeg_potted_error.png
overlay,GroundedSAM1_potted,DouBanLv1_0100,/data/fj/F2DMAS/00-论文优化重构/计算机与电子农业特刊实验工作区/06-实验一四样本代表集/E1_Representative4_PottedPlant_VFM/visual_assets/overlays/GroundedSAM1_potted/DouBanLv1_0100_GroundedSAM1_potted_overlay.png
error_map,GroundedSAM1_potted,DouBanLv1_0100,/data/fj/F2DMAS/00-论文优化重构/计算机与电子农业特刊实验工作区/06-实验一四样本代表集/E1_Representative4_PottedPlant_VFM/visual_assets/error_maps/GroundedSAM1_potted/DouBanLv1_0100_GroundedSAM1_potted_error.png
overlay,GroundedSAM2_potted,DouBanLv1_0100,/data/fj/F2DMAS/00-论文优化重构/计算机与电子农业特刊实验工作区/06-实验一四样本代表集/E1_Representative4_PottedPlant_VFM/visual_assets/overlays/GroundedSAM2_potted/DouBanLv1_0100_GroundedSAM2_potted_overlay.png
error_map,GroundedSAM2_potted,DouBanLv1_0100,/data/fj/F2DMAS/00-论文优化重构/计算机与电子农业特刊实验工作区/06-实验一四样本代表集/E1_Representative4_PottedPlant_VFM/visual_assets/error_maps/GroundedSAM2_potted/DouBanLv1_0100_GroundedSAM2_potted_error.png
overlay,SAM2_oracle_box,DouBanLv1_0100,/data/fj/F2DMAS/00-论文优化重构/计算机与电子农业特刊实验工作区/06-实验一四样本代表集/E1_Representative4_PottedPlant_VFM/visual_assets/overlays/SAM2_oracle_box/DouBanLv1_0100_SAM2_oracle_box_overlay.png
error_map,SAM2_oracle_box,DouBanLv1_0100,/data/fj/F2DMAS/00-论文优化重构/计算机与电子农业特刊实验工作区/06-实验一四样本代表集/E1_Representative4_PottedPlant_VFM/visual_assets/error_maps/SAM2_oracle_box/DouBanLv1_0100_SAM2_oracle_box_error.png
overlay,SAM3_P2,DouBanLv1_0100,/data/fj/F2DMAS/00-论文优化重构/计算机与电子农业特刊实验工作区/06-实验一四样本代表集/E1_Representative4_PottedPlant_VFM/visual_assets/overlays/SAM3_P2/DouBanLv1_0100_SAM3_P2_overlay.png
error_map,SAM3_P2,DouBanLv1_0100,/data/fj/F2DMAS/00-论文优化重构/计算机与电子农业特刊实验工作区/06-实验一四样本代表集/E1_Representative4_PottedPlant_VFM/visual_assets/error_maps/SAM3_P2/DouBanLv1_0100_SAM3_P2_error.png
overlay,RAP-FSAM3-v2,DouBanLv1_0100,/data/fj/F2DMAS/00-论文优化重构/计算机与电子农业特刊实验工作区/06-实验一四样本代表集/E1_Representative4_PottedPlant_VFM/visual_assets/overlays/RAP-FSAM3-v2/DouBanLv1_0100_RAP-FSAM3-v2_overlay.png
error_map,RAP-FSAM3-v2,DouBanLv1_0100,/data/fj/F2DMAS/00-论文优化重构/计算机与电子农业特刊实验工作区/06-实验一四样本代表集/E1_Representative4_PottedPlant_VFM/visual_assets/error_maps/RAP-FSAM3-v2/DouBanLv1_0100_RAP-FSAM3-v2_error.png
overlay,UNet_fewshot_seqcv,DouBanLv1_0100,/data/fj/F2DMAS/00-论文优化重构/计算机与电子农业特刊实验工作区/06-实验一四样本代表集/E1_Representative4_PottedPlant_VFM/visual_assets/overlays/UNet_fewshot_seqcv/DouBanLv1_0100_UNet_fewshot_seqcv_overlay.png
error_map,UNet_fewshot_seqcv,DouBanLv1_0100,/data/fj/F2DMAS/00-论文优化重构/计算机与电子农业特刊实验工作区/06-实验一四样本代表集/E1_Representative4_PottedPlant_VFM/visual_assets/error_maps/UNet_fewshot_seqcv/DouBanLv1_0100_UNet_fewshot_seqcv_error.png
overlay,DeepLabV3PlusLite_fewshot_seqcv,DouBanLv1_0100,/data/fj/F2DMAS/00-论文优化重构/计算机与电子农业特刊实验工作区/06-实验一四样本代表集/E1_Representative4_PottedPlant_VFM/visual_assets/overlays/DeepLabV3PlusLite_fewshot_seqcv/DouBanLv1_0100_DeepLabV3PlusLite_fewshot_seqcv_overlay.png
error_map,DeepLabV3PlusLite_fewshot_seqcv,DouBanLv1_0100,/data/fj/F2DMAS/00-论文优化重构/计算机与电子农业特刊实验工作区/06-实验一四样本代表集/E1_Representative4_PottedPlant_VFM/visual_assets/error_maps/DeepLabV3PlusLite_fewshot_seqcv/DouBanLv1_0100_DeepLabV3PlusLite_fewshot_seqcv_error.png
overlay,SAM_existing,DouBanLv1_0100,/data/fj/F2DMAS/00-论文优化重构/计算机与电子农业特刊实验工作区/06-实验一四样本代表集/E1_Representative4_PottedPlant_VFM/visual_assets/overlays/SAM_existing/DouBanLv1_0100_SAM_existing_overlay.png
error_map,SAM_existing,DouBanLv1_0100,/data/fj/F2DMAS/00-论文优化重构/计算机与电子农业特刊实验工作区/06-实验一四样本代表集/E1_Representative4_PottedPlant_VFM/visual_assets/error_maps/SAM_existing/DouBanLv1_0100_SAM_existing_error.png
contact_sheet,all,DouBanLv1_0100,/data/fj/F2DMAS/00-论文优化重构/计算机与电子农业特刊实验工作区/06-实验一四样本代表集/E1_Representative4_PottedPlant_VFM/visual_assets/contact_sheets/DouBanLv1_0100_method_overlay_grid.png
contact_sheet,all,DouBanLv1_0100,/data/fj/F2DMAS/00-论文优化重构/计算机与电子农业特刊实验工作区/06-实验一四样本代表集/E1_Representative4_PottedPlant_VFM/visual_assets/contact_sheets/DouBanLv1_0100_method_overlay_grid.tif
gt_overlay,GT,ChangShouHua2_0000,/data/fj/F2DMAS/00-论文优化重构/计算机与电子农业特刊实验工作区/06-实验一四样本代表集/E1_Representative4_PottedPlant_VFM/visual_assets/gt_overlays/ChangShouHua2_0000_gt_overlay.png
overlay,SEEM_existing,ChangShouHua2_0000,/data/fj/F2DMAS/00-论文优化重构/计算机与电子农业特刊实验工作区/06-实验一四样本代表集/E1_Representative4_PottedPlant_VFM/visual_assets/overlays/SEEM_existing/ChangShouHua2_0000_SEEM_existing_overlay.png
error_map,SEEM_existing,ChangShouHua2_0000,/data/fj/F2DMAS/00-论文优化重构/计算机与电子农业特刊实验工作区/06-实验一四样本代表集/E1_Representative4_PottedPlant_VFM/visual_assets/error_maps/SEEM_existing/ChangShouHua2_0000_SEEM_existing_error.png
overlay,CLIPSeg_potted,ChangShouHua2_0000,/data/fj/F2DMAS/00-论文优化重构/计算机与电子农业特刊实验工作区/06-实验一四样本代表集/E1_Representative4_PottedPlant_VFM/visual_assets/overlays/CLIPSeg_potted/ChangShouHua2_0000_CLIPSeg_potted_overlay.png
error_map,CLIPSeg_potted,ChangShouHua2_0000,/data/fj/F2DMAS/00-论文优化重构/计算机与电子农业特刊实验工作区/06-实验一四样本代表集/E1_Representative4_PottedPlant_VFM/visual_assets/error_maps/CLIPSeg_potted/ChangShouHua2_0000_CLIPSeg_potted_error.png
overlay,GroundedSAM1_potted,ChangShouHua2_0000,/data/fj/F2DMAS/00-论文优化重构/计算机与电子农业特刊实验工作区/06-实验一四样本代表集/E1_Representative4_PottedPlant_VFM/visual_assets/overlays/GroundedSAM1_potted/ChangShouHua2_0000_GroundedSAM1_potted_overlay.png
error_map,GroundedSAM1_potted,ChangShouHua2_0000,/data/fj/F2DMAS/00-论文优化重构/计算机与电子农业特刊实验工作区/06-实验一四样本代表集/E1_Representative4_PottedPlant_VFM/visual_assets/error_maps/GroundedSAM1_potted/ChangShouHua2_0000_GroundedSAM1_potted_error.png
overlay,GroundedSAM2_potted,ChangShouHua2_0000,/data/fj/F2DMAS/00-论文优化重构/计算机与电子农业特刊实验工作区/06-实验一四样本代表集/E1_Representative4_PottedPlant_VFM/visual_assets/overlays/GroundedSAM2_potted/ChangShouHua2_0000_GroundedSAM2_potted_overlay.png
error_map,GroundedSAM2_potted,ChangShouHua2_0000,/data/fj/F2DMAS/00-论文优化重构/计算机与电子农业特刊实验工作区/06-实验一四样本代表集/E1_Representative4_PottedPlant_VFM/visual_assets/error_maps/GroundedSAM2_potted/ChangShouHua2_0000_GroundedSAM2_potted_error.png
overlay,SAM2_oracle_box,ChangShouHua2_0000,/data/fj/F2DMAS/00-论文优化重构/计算机与电子农业特刊实验工作区/06-实验一四样本代表集/E1_Representative4_PottedPlant_VFM/visual_assets/overlays/SAM2_oracle_box/ChangShouHua2_0000_SAM2_oracle_box_overlay.png
error_map,SAM2_oracle_box,ChangShouHua2_0000,/data/fj/F2DMAS/00-论文优化重构/计算机与电子农业特刊实验工作区/06-实验一四样本代表集/E1_Representative4_PottedPlant_VFM/visual_assets/error_maps/SAM2_oracle_box/ChangShouHua2_0000_SAM2_oracle_box_error.png
overlay,SAM3_P2,ChangShouHua2_0000,/data/fj/F2DMAS/00-论文优化重构/计算机与电子农业特刊实验工作区/06-实验一四样本代表集/E1_Representative4_PottedPlant_VFM/visual_assets/overlays/SAM3_P2/ChangShouHua2_0000_SAM3_P2_overlay.png
error_map,SAM3_P2,ChangShouHua2_0000,/data/fj/F2DMAS/00-论文优化重构/计算机与电子农业特刊实验工作区/06-实验一四样本代表集/E1_Representative4_PottedPlant_VFM/visual_assets/error_maps/SAM3_P2/ChangShouHua2_0000_SAM3_P2_error.png
overlay,RAP-FSAM3-v2,ChangShouHua2_0000,/data/fj/F2DMAS/00-论文优化重构/计算机与电子农业特刊实验工作区/06-实验一四样本代表集/E1_Representative4_PottedPlant_VFM/visual_assets/overlays/RAP-FSAM3-v2/ChangShouHua2_0000_RAP-FSAM3-v2_overlay.png
error_map,RAP-FSAM3-v2,ChangShouHua2_0000,/data/fj/F2DMAS/00-论文优化重构/计算机与电子农业特刊实验工作区/06-实验一四样本代表集/E1_Representative4_PottedPlant_VFM/visual_assets/error_maps/RAP-FSAM3-v2/ChangShouHua2_0000_RAP-FSAM3-v2_error.png
overlay,UNet_fewshot_seqcv,ChangShouHua2_0000,/data/fj/F2DMAS/00-论文优化重构/计算机与电子农业特刊实验工作区/06-实验一四样本代表集/E1_Representative4_PottedPlant_VFM/visual_assets/overlays/UNet_fewshot_seqcv/ChangShouHua2_0000_UNet_fewshot_seqcv_overlay.png
error_map,UNet_fewshot_seqcv,ChangShouHua2_0000,/data/fj/F2DMAS/00-论文优化重构/计算机与电子农业特刊实验工作区/06-实验一四样本代表集/E1_Representative4_PottedPlant_VFM/visual_assets/error_maps/UNet_fewshot_seqcv/ChangShouHua2_0000_UNet_fewshot_seqcv_error.png
overlay,DeepLabV3PlusLite_fewshot_seqcv,ChangShouHua2_0000,/data/fj/F2DMAS/00-论文优化重构/计算机与电子农业特刊实验工作区/06-实验一四样本代表集/E1_Representative4_PottedPlant_VFM/visual_assets/overlays/DeepLabV3PlusLite_fewshot_seqcv/ChangShouHua2_0000_DeepLabV3PlusLite_fewshot_seqcv_overlay.png
error_map,DeepLabV3PlusLite_fewshot_seqcv,ChangShouHua2_0000,/data/fj/F2DMAS/00-论文优化重构/计算机与电子农业特刊实验工作区/06-实验一四样本代表集/E1_Representative4_PottedPlant_VFM/visual_assets/error_maps/DeepLabV3PlusLite_fewshot_seqcv/ChangShouHua2_0000_DeepLabV3PlusLite_fewshot_seqcv_error.png
overlay,SAM_existing,ChangShouHua2_0000,/data/fj/F2DMAS/00-论文优化重构/计算机与电子农业特刊实验工作区/06-实验一四样本代表集/E1_Representative4_PottedPlant_VFM/visual_assets/overlays/SAM_existing/ChangShouHua2_0000_SAM_existing_overlay.png
error_map,SAM_existing,ChangShouHua2_0000,/data/fj/F2DMAS/00-论文优化重构/计算机与电子农业特刊实验工作区/06-实验一四样本代表集/E1_Representative4_PottedPlant_VFM/visual_assets/error_maps/SAM_existing/ChangShouHua2_0000_SAM_existing_error.png
contact_sheet,all,ChangShouHua2_0000,/data/fj/F2DMAS/00-论文优化重构/计算机与电子农业特刊实验工作区/06-实验一四样本代表集/E1_Representative4_PottedPlant_VFM/visual_assets/contact_sheets/ChangShouHua2_0000_method_overlay_grid.png
contact_sheet,all,ChangShouHua2_0000,/data/fj/F2DMAS/00-论文优化重构/计算机与电子农业特刊实验工作区/06-实验一四样本代表集/E1_Representative4_PottedPlant_VFM/visual_assets/contact_sheets/ChangShouHua2_0000_method_overlay_grid.tif
gt_overlay,GT,ChangShouHua2_0025,/data/fj/F2DMAS/00-论文优化重构/计算机与电子农业特刊实验工作区/06-实验一四样本代表集/E1_Representative4_PottedPlant_VFM/visual_assets/gt_overlays/ChangShouHua2_0025_gt_overlay.png
overlay,SEEM_existing,ChangShouHua2_0025,/data/fj/F2DMAS/00-论文优化重构/计算机与电子农业特刊实验工作区/06-实验一四样本代表集/E1_Representative4_PottedPlant_VFM/visual_assets/overlays/SEEM_existing/ChangShouHua2_0025_SEEM_existing_overlay.png
error_map,SEEM_existing,ChangShouHua2_0025,/data/fj/F2DMAS/00-论文优化重构/计算机与电子农业特刊实验工作区/06-实验一四样本代表集/E1_Representative4_PottedPlant_VFM/visual_assets/error_maps/SEEM_existing/ChangShouHua2_0025_SEEM_existing_error.png
overlay,CLIPSeg_potted,ChangShouHua2_0025,/data/fj/F2DMAS/00-论文优化重构/计算机与电子农业特刊实验工作区/06-实验一四样本代表集/E1_Representative4_PottedPlant_VFM/visual_assets/overlays/CLIPSeg_potted/ChangShouHua2_0025_CLIPSeg_potted_overlay.png
error_map,CLIPSeg_potted,ChangShouHua2_0025,/data/fj/F2DMAS/00-论文优化重构/计算机与电子农业特刊实验工作区/06-实验一四样本代表集/E1_Representative4_PottedPlant_VFM/visual_assets/error_maps/CLIPSeg_potted/ChangShouHua2_0025_CLIPSeg_potted_error.png
overlay,GroundedSAM1_potted,ChangShouHua2_0025,/data/fj/F2DMAS/00-论文优化重构/计算机与电子农业特刊实验工作区/06-实验一四样本代表集/E1_Representative4_PottedPlant_VFM/visual_assets/overlays/GroundedSAM1_potted/ChangShouHua2_0025_GroundedSAM1_potted_overlay.png
error_map,GroundedSAM1_potted,ChangShouHua2_0025,/data/fj/F2DMAS/00-论文优化重构/计算机与电子农业特刊实验工作区/06-实验一四样本代表集/E1_Representative4_PottedPlant_VFM/visual_assets/error_maps/GroundedSAM1_potted/ChangShouHua2_0025_GroundedSAM1_potted_error.png
overlay,GroundedSAM2_potted,ChangShouHua2_0025,/data/fj/F2DMAS/00-论文优化重构/计算机与电子农业特刊实验工作区/06-实验一四样本代表集/E1_Representative4_PottedPlant_VFM/visual_assets/overlays/GroundedSAM2_potted/ChangShouHua2_0025_GroundedSAM2_potted_overlay.png
error_map,GroundedSAM2_potted,ChangShouHua2_0025,/data/fj/F2DMAS/00-论文优化重构/计算机与电子农业特刊实验工作区/06-实验一四样本代表集/E1_Representative4_PottedPlant_VFM/visual_assets/error_maps/GroundedSAM2_potted/ChangShouHua2_0025_GroundedSAM2_potted_error.png
overlay,SAM2_oracle_box,ChangShouHua2_0025,/data/fj/F2DMAS/00-论文优化重构/计算机与电子农业特刊实验工作区/06-实验一四样本代表集/E1_Representative4_PottedPlant_VFM/visual_assets/overlays/SAM2_oracle_box/ChangShouHua2_0025_SAM2_oracle_box_overlay.png
error_map,SAM2_oracle_box,ChangShouHua2_0025,/data/fj/F2DMAS/00-论文优化重构/计算机与电子农业特刊实验工作区/06-实验一四样本代表集/E1_Representative4_PottedPlant_VFM/visual_assets/error_maps/SAM2_oracle_box/ChangShouHua2_0025_SAM2_oracle_box_error.png
overlay,SAM3_P2,ChangShouHua2_0025,/data/fj/F2DMAS/00-论文优化重构/计算机与电子农业特刊实验工作区/06-实验一四样本代表集/E1_Representative4_PottedPlant_VFM/visual_assets/overlays/SAM3_P2/ChangShouHua2_0025_SAM3_P2_overlay.png
error_map,SAM3_P2,ChangShouHua2_0025,/data/fj/F2DMAS/00-论文优化重构/计算机与电子农业特刊实验工作区/06-实验一四样本代表集/E1_Representative4_PottedPlant_VFM/visual_assets/error_maps/SAM3_P2/ChangShouHua2_0025_SAM3_P2_error.png
overlay,RAP-FSAM3-v2,ChangShouHua2_0025,/data/fj/F2DMAS/00-论文优化重构/计算机与电子农业特刊实验工作区/06-实验一四样本代表集/E1_Representative4_PottedPlant_VFM/visual_assets/overlays/RAP-FSAM3-v2/ChangShouHua2_0025_RAP-FSAM3-v2_overlay.png
error_map,RAP-FSAM3-v2,ChangShouHua2_0025,/data/fj/F2DMAS/00-论文优化重构/计算机与电子农业特刊实验工作区/06-实验一四样本代表集/E1_Representative4_PottedPlant_VFM/visual_assets/error_maps/RAP-FSAM3-v2/ChangShouHua2_0025_RAP-FSAM3-v2_error.png
overlay,UNet_fewshot_seqcv,ChangShouHua2_0025,/data/fj/F2DMAS/00-论文优化重构/计算机与电子农业特刊实验工作区/06-实验一四样本代表集/E1_Representative4_PottedPlant_VFM/visual_assets/overlays/UNet_fewshot_seqcv/ChangShouHua2_0025_UNet_fewshot_seqcv_overlay.png
error_map,UNet_fewshot_seqcv,ChangShouHua2_0025,/data/fj/F2DMAS/00-论文优化重构/计算机与电子农业特刊实验工作区/06-实验一四样本代表集/E1_Representative4_PottedPlant_VFM/visual_assets/error_maps/UNet_fewshot_seqcv/ChangShouHua2_0025_UNet_fewshot_seqcv_error.png
overlay,DeepLabV3PlusLite_fewshot_seqcv,ChangShouHua2_0025,/data/fj/F2DMAS/00-论文优化重构/计算机与电子农业特刊实验工作区/06-实验一四样本代表集/E1_Representative4_PottedPlant_VFM/visual_assets/overlays/DeepLabV3PlusLite_fewshot_seqcv/ChangShouHua2_0025_DeepLabV3PlusLite_fewshot_seqcv_overlay.png
error_map,DeepLabV3PlusLite_fewshot_seqcv,ChangShouHua2_0025,/data/fj/F2DMAS/00-论文优化重构/计算机与电子农业特刊实验工作区/06-实验一四样本代表集/E1_Representative4_PottedPlant_VFM/visual_assets/error_maps/DeepLabV3PlusLite_fewshot_seqcv/ChangShouHua2_0025_DeepLabV3PlusLite_fewshot_seqcv_error.png
overlay,SAM_existing,ChangShouHua2_0025,/data/fj/F2DMAS/00-论文优化重构/计算机与电子农业特刊实验工作区/06-实验一四样本代表集/E1_Representative4_PottedPlant_VFM/visual_assets/overlays/SAM_existing/ChangShouHua2_0025_SAM_existing_overlay.png
error_map,SAM_existing,ChangShouHua2_0025,/data/fj/F2DMAS/00-论文优化重构/计算机与电子农业特刊实验工作区/06-实验一四样本代表集/E1_Representative4_PottedPlant_VFM/visual_assets/error_maps/SAM_existing/ChangShouHua2_0025_SAM_existing_error.png
contact_sheet,all,ChangShouHua2_0025,/data/fj/F2DMAS/00-论文优化重构/计算机与电子农业特刊实验工作区/06-实验一四样本代表集/E1_Representative4_PottedPlant_VFM/visual_assets/contact_sheets/ChangShouHua2_0025_method_overlay_grid.png
contact_sheet,all,ChangShouHua2_0025,/data/fj/F2DMAS/00-论文优化重构/计算机与电子农业特刊实验工作区/06-实验一四样本代表集/E1_Representative4_PottedPlant_VFM/visual_assets/contact_sheets/ChangShouHua2_0025_method_overlay_grid.tif
gt_overlay,GT,ChangShouHua2_0050,/data/fj/F2DMAS/00-论文优化重构/计算机与电子农业特刊实验工作区/06-实验一四样本代表集/E1_Representative4_PottedPlant_VFM/visual_assets/gt_overlays/ChangShouHua2_0050_gt_overlay.png
overlay,SEEM_existing,ChangShouHua2_0050,/data/fj/F2DMAS/00-论文优化重构/计算机与电子农业特刊实验工作区/06-实验一四样本代表集/E1_Representative4_PottedPlant_VFM/visual_assets/overlays/SEEM_existing/ChangShouHua2_0050_SEEM_existing_overlay.png
error_map,SEEM_existing,ChangShouHua2_0050,/data/fj/F2DMAS/00-论文优化重构/计算机与电子农业特刊实验工作区/06-实验一四样本代表集/E1_Representative4_PottedPlant_VFM/visual_assets/error_maps/SEEM_existing/ChangShouHua2_0050_SEEM_existing_error.png
overlay,CLIPSeg_potted,ChangShouHua2_0050,/data/fj/F2DMAS/00-论文优化重构/计算机与电子农业特刊实验工作区/06-实验一四样本代表集/E1_Representative4_PottedPlant_VFM/visual_assets/overlays/CLIPSeg_potted/ChangShouHua2_0050_CLIPSeg_potted_overlay.png
error_map,CLIPSeg_potted,ChangShouHua2_0050,/data/fj/F2DMAS/00-论文优化重构/计算机与电子农业特刊实验工作区/06-实验一四样本代表集/E1_Representative4_PottedPlant_VFM/visual_assets/error_maps/CLIPSeg_potted/ChangShouHua2_0050_CLIPSeg_potted_error.png
overlay,GroundedSAM1_potted,ChangShouHua2_0050,/data/fj/F2DMAS/00-论文优化重构/计算机与电子农业特刊实验工作区/06-实验一四样本代表集/E1_Representative4_PottedPlant_VFM/visual_assets/overlays/GroundedSAM1_potted/ChangShouHua2_0050_GroundedSAM1_potted_overlay.png
error_map,GroundedSAM1_potted,ChangShouHua2_0050,/data/fj/F2DMAS/00-论文优化重构/计算机与电子农业特刊实验工作区/06-实验一四样本代表集/E1_Representative4_PottedPlant_VFM/visual_assets/error_maps/GroundedSAM1_potted/ChangShouHua2_0050_GroundedSAM1_potted_error.png
overlay,GroundedSAM2_potted,ChangShouHua2_0050,/data/fj/F2DMAS/00-论文优化重构/计算机与电子农业特刊实验工作区/06-实验一四样本代表集/E1_Representative4_PottedPlant_VFM/visual_assets/overlays/GroundedSAM2_potted/ChangShouHua2_0050_GroundedSAM2_potted_overlay.png
error_map,GroundedSAM2_potted,ChangShouHua2_0050,/data/fj/F2DMAS/00-论文优化重构/计算机与电子农业特刊实验工作区/06-实验一四样本代表集/E1_Representative4_PottedPlant_VFM/visual_assets/error_maps/GroundedSAM2_potted/ChangShouHua2_0050_GroundedSAM2_potted_error.png
overlay,SAM2_oracle_box,ChangShouHua2_0050,/data/fj/F2DMAS/00-论文优化重构/计算机与电子农业特刊实验工作区/06-实验一四样本代表集/E1_Representative4_PottedPlant_VFM/visual_assets/overlays/SAM2_oracle_box/ChangShouHua2_0050_SAM2_oracle_box_overlay.png
error_map,SAM2_oracle_box,ChangShouHua2_0050,/data/fj/F2DMAS/00-论文优化重构/计算机与电子农业特刊实验工作区/06-实验一四样本代表集/E1_Representative4_PottedPlant_VFM/visual_assets/error_maps/SAM2_oracle_box/ChangShouHua2_0050_SAM2_oracle_box_error.png
overlay,SAM3_P2,ChangShouHua2_0050,/data/fj/F2DMAS/00-论文优化重构/计算机与电子农业特刊实验工作区/06-实验一四样本代表集/E1_Representative4_PottedPlant_VFM/visual_assets/overlays/SAM3_P2/ChangShouHua2_0050_SAM3_P2_overlay.png
error_map,SAM3_P2,ChangShouHua2_0050,/data/fj/F2DMAS/00-论文优化重构/计算机与电子农业特刊实验工作区/06-实验一四样本代表集/E1_Representative4_PottedPlant_VFM/visual_assets/error_maps/SAM3_P2/ChangShouHua2_0050_SAM3_P2_error.png
overlay,RAP-FSAM3-v2,ChangShouHua2_0050,/data/fj/F2DMAS/00-论文优化重构/计算机与电子农业特刊实验工作区/06-实验一四样本代表集/E1_Representative4_PottedPlant_VFM/visual_assets/overlays/RAP-FSAM3-v2/ChangShouHua2_0050_RAP-FSAM3-v2_overlay.png
error_map,RAP-FSAM3-v2,ChangShouHua2_0050,/data/fj/F2DMAS/00-论文优化重构/计算机与电子农业特刊实验工作区/06-实验一四样本代表集/E1_Representative4_PottedPlant_VFM/visual_assets/error_maps/RAP-FSAM3-v2/ChangShouHua2_0050_RAP-FSAM3-v2_error.png
overlay,UNet_fewshot_seqcv,ChangShouHua2_0050,/data/fj/F2DMAS/00-论文优化重构/计算机与电子农业特刊实验工作区/06-实验一四样本代表集/E1_Representative4_PottedPlant_VFM/visual_assets/overlays/UNet_fewshot_seqcv/ChangShouHua2_0050_UNet_fewshot_seqcv_overlay.png
error_map,UNet_fewshot_seqcv,ChangShouHua2_0050,/data/fj/F2DMAS/00-论文优化重构/计算机与电子农业特刊实验工作区/06-实验一四样本代表集/E1_Representative4_PottedPlant_VFM/visual_assets/error_maps/UNet_fewshot_seqcv/ChangShouHua2_0050_UNet_fewshot_seqcv_error.png
overlay,DeepLabV3PlusLite_fewshot_seqcv,ChangShouHua2_0050,/data/fj/F2DMAS/00-论文优化重构/计算机与电子农业特刊实验工作区/06-实验一四样本代表集/E1_Representative4_PottedPlant_VFM/visual_assets/overlays/DeepLabV3PlusLite_fewshot_seqcv/ChangShouHua2_0050_DeepLabV3PlusLite_fewshot_seqcv_overlay.png
error_map,DeepLabV3PlusLite_fewshot_seqcv,ChangShouHua2_0050,/data/fj/F2DMAS/00-论文优化重构/计算机与电子农业特刊实验工作区/06-实验一四样本代表集/E1_Representative4_PottedPlant_VFM/visual_assets/error_maps/DeepLabV3PlusLite_fewshot_seqcv/ChangShouHua2_0050_DeepLabV3PlusLite_fewshot_seqcv_error.png
overlay,SAM_existing,ChangShouHua2_0050,/data/fj/F2DMAS/00-论文优化重构/计算机与电子农业特刊实验工作区/06-实验一四样本代表集/E1_Representative4_PottedPlant_VFM/visual_assets/overlays/SAM_existing/ChangShouHua2_0050_SAM_existing_overlay.png
error_map,SAM_existing,ChangShouHua2_0050,/data/fj/F2DMAS/00-论文优化重构/计算机与电子农业特刊实验工作区/06-实验一四样本代表集/E1_Representative4_PottedPlant_VFM/visual_assets/error_maps/SAM_existing/ChangShouHua2_0050_SAM_existing_error.png
contact_sheet,all,ChangShouHua2_0050,/data/fj/F2DMAS/00-论文优化重构/计算机与电子农业特刊实验工作区/06-实验一四样本代表集/E1_Representative4_PottedPlant_VFM/visual_assets/contact_sheets/ChangShouHua2_0050_method_overlay_grid.png
contact_sheet,all,ChangShouHua2_0050,/data/fj/F2DMAS/00-论文优化重构/计算机与电子农业特刊实验工作区/06-实验一四样本代表集/E1_Representative4_PottedPlant_VFM/visual_assets/contact_sheets/ChangShouHua2_0050_method_overlay_grid.tif
gt_overlay,GT,ChangShouHua2_0075,/data/fj/F2DMAS/00-论文优化重构/计算机与电子农业特刊实验工作区/06-实验一四样本代表集/E1_Representative4_PottedPlant_VFM/visual_assets/gt_overlays/ChangShouHua2_0075_gt_overlay.png
overlay,SEEM_existing,ChangShouHua2_0075,/data/fj/F2DMAS/00-论文优化重构/计算机与电子农业特刊实验工作区/06-实验一四样本代表集/E1_Representative4_PottedPlant_VFM/visual_assets/overlays/SEEM_existing/ChangShouHua2_0075_SEEM_existing_overlay.png
error_map,SEEM_existing,ChangShouHua2_0075,/data/fj/F2DMAS/00-论文优化重构/计算机与电子农业特刊实验工作区/06-实验一四样本代表集/E1_Representative4_PottedPlant_VFM/visual_assets/error_maps/SEEM_existing/ChangShouHua2_0075_SEEM_existing_error.png
overlay,CLIPSeg_potted,ChangShouHua2_0075,/data/fj/F2DMAS/00-论文优化重构/计算机与电子农业特刊实验工作区/06-实验一四样本代表集/E1_Representative4_PottedPlant_VFM/visual_assets/overlays/CLIPSeg_potted/ChangShouHua2_0075_CLIPSeg_potted_overlay.png
error_map,CLIPSeg_potted,ChangShouHua2_0075,/data/fj/F2DMAS/00-论文优化重构/计算机与电子农业特刊实验工作区/06-实验一四样本代表集/E1_Representative4_PottedPlant_VFM/visual_assets/error_maps/CLIPSeg_potted/ChangShouHua2_0075_CLIPSeg_potted_error.png
overlay,GroundedSAM1_potted,ChangShouHua2_0075,/data/fj/F2DMAS/00-论文优化重构/计算机与电子农业特刊实验工作区/06-实验一四样本代表集/E1_Representative4_PottedPlant_VFM/visual_assets/overlays/GroundedSAM1_potted/ChangShouHua2_0075_GroundedSAM1_potted_overlay.png
error_map,GroundedSAM1_potted,ChangShouHua2_0075,/data/fj/F2DMAS/00-论文优化重构/计算机与电子农业特刊实验工作区/06-实验一四样本代表集/E1_Representative4_PottedPlant_VFM/visual_assets/error_maps/GroundedSAM1_potted/ChangShouHua2_0075_GroundedSAM1_potted_error.png
overlay,GroundedSAM2_potted,ChangShouHua2_0075,/data/fj/F2DMAS/00-论文优化重构/计算机与电子农业特刊实验工作区/06-实验一四样本代表集/E1_Representative4_PottedPlant_VFM/visual_assets/overlays/GroundedSAM2_potted/ChangShouHua2_0075_GroundedSAM2_potted_overlay.png
error_map,GroundedSAM2_potted,ChangShouHua2_0075,/data/fj/F2DMAS/00-论文优化重构/计算机与电子农业特刊实验工作区/06-实验一四样本代表集/E1_Representative4_PottedPlant_VFM/visual_assets/error_maps/GroundedSAM2_potted/ChangShouHua2_0075_GroundedSAM2_potted_error.png
overlay,SAM2_oracle_box,ChangShouHua2_0075,/data/fj/F2DMAS/00-论文优化重构/计算机与电子农业特刊实验工作区/06-实验一四样本代表集/E1_Representative4_PottedPlant_VFM/visual_assets/overlays/SAM2_oracle_box/ChangShouHua2_0075_SAM2_oracle_box_overlay.png
error_map,SAM2_oracle_box,ChangShouHua2_0075,/data/fj/F2DMAS/00-论文优化重构/计算机与电子农业特刊实验工作区/06-实验一四样本代表集/E1_Representative4_PottedPlant_VFM/visual_assets/error_maps/SAM2_oracle_box/ChangShouHua2_0075_SAM2_oracle_box_error.png
overlay,SAM3_P2,ChangShouHua2_0075,/data/fj/F2DMAS/00-论文优化重构/计算机与电子农业特刊实验工作区/06-实验一四样本代表集/E1_Representative4_PottedPlant_VFM/visual_assets/overlays/SAM3_P2/ChangShouHua2_0075_SAM3_P2_overlay.png
error_map,SAM3_P2,ChangShouHua2_0075,/data/fj/F2DMAS/00-论文优化重构/计算机与电子农业特刊实验工作区/06-实验一四样本代表集/E1_Representative4_PottedPlant_VFM/visual_assets/error_maps/SAM3_P2/ChangShouHua2_0075_SAM3_P2_error.png
overlay,RAP-FSAM3-v2,ChangShouHua2_0075,/data/fj/F2DMAS/00-论文优化重构/计算机与电子农业特刊实验工作区/06-实验一四样本代表集/E1_Representative4_PottedPlant_VFM/visual_assets/overlays/RAP-FSAM3-v2/ChangShouHua2_0075_RAP-FSAM3-v2_overlay.png
error_map,RAP-FSAM3-v2,ChangShouHua2_0075,/data/fj/F2DMAS/00-论文优化重构/计算机与电子农业特刊实验工作区/06-实验一四样本代表集/E1_Representative4_PottedPlant_VFM/visual_assets/error_maps/RAP-FSAM3-v2/ChangShouHua2_0075_RAP-FSAM3-v2_error.png
overlay,UNet_fewshot_seqcv,ChangShouHua2_0075,/data/fj/F2DMAS/00-论文优化重构/计算机与电子农业特刊实验工作区/06-实验一四样本代表集/E1_Representative4_PottedPlant_VFM/visual_assets/overlays/UNet_fewshot_seqcv/ChangShouHua2_0075_UNet_fewshot_seqcv_overlay.png
error_map,UNet_fewshot_seqcv,ChangShouHua2_0075,/data/fj/F2DMAS/00-论文优化重构/计算机与电子农业特刊实验工作区/06-实验一四样本代表集/E1_Representative4_PottedPlant_VFM/visual_assets/error_maps/UNet_fewshot_seqcv/ChangShouHua2_0075_UNet_fewshot_seqcv_error.png
overlay,DeepLabV3PlusLite_fewshot_seqcv,ChangShouHua2_0075,/data/fj/F2DMAS/00-论文优化重构/计算机与电子农业特刊实验工作区/06-实验一四样本代表集/E1_Representative4_PottedPlant_VFM/visual_assets/overlays/DeepLabV3PlusLite_fewshot_seqcv/ChangShouHua2_0075_DeepLabV3PlusLite_fewshot_seqcv_overlay.png
error_map,DeepLabV3PlusLite_fewshot_seqcv,ChangShouHua2_0075,/data/fj/F2DMAS/00-论文优化重构/计算机与电子农业特刊实验工作区/06-实验一四样本代表集/E1_Representative4_PottedPlant_VFM/visual_assets/error_maps/DeepLabV3PlusLite_fewshot_seqcv/ChangShouHua2_0075_DeepLabV3PlusLite_fewshot_seqcv_error.png
overlay,SAM_existing,ChangShouHua2_0075,/data/fj/F2DMAS/00-论文优化重构/计算机与电子农业特刊实验工作区/06-实验一四样本代表集/E1_Representative4_PottedPlant_VFM/visual_assets/overlays/SAM_existing/ChangShouHua2_0075_SAM_existing_overlay.png
error_map,SAM_existing,ChangShouHua2_0075,/data/fj/F2DMAS/00-论文优化重构/计算机与电子农业特刊实验工作区/06-实验一四样本代表集/E1_Representative4_PottedPlant_VFM/visual_assets/error_maps/SAM_existing/ChangShouHua2_0075_SAM_existing_error.png
contact_sheet,all,ChangShouHua2_0075,/data/fj/F2DMAS/00-论文优化重构/计算机与电子农业特刊实验工作区/06-实验一四样本代表集/E1_Representative4_PottedPlant_VFM/visual_assets/contact_sheets/ChangShouHua2_0075_method_overlay_grid.png
contact_sheet,all,ChangShouHua2_0075,/data/fj/F2DMAS/00-论文优化重构/计算机与电子农业特刊实验工作区/06-实验一四样本代表集/E1_Representative4_PottedPlant_VFM/visual_assets/contact_sheets/ChangShouHua2_0075_method_overlay_grid.tif
gt_overlay,GT,ChangShouHua2_0100,/data/fj/F2DMAS/00-论文优化重构/计算机与电子农业特刊实验工作区/06-实验一四样本代表集/E1_Representative4_PottedPlant_VFM/visual_assets/gt_overlays/ChangShouHua2_0100_gt_overlay.png
overlay,SEEM_existing,ChangShouHua2_0100,/data/fj/F2DMAS/00-论文优化重构/计算机与电子农业特刊实验工作区/06-实验一四样本代表集/E1_Representative4_PottedPlant_VFM/visual_assets/overlays/SEEM_existing/ChangShouHua2_0100_SEEM_existing_overlay.png
error_map,SEEM_existing,ChangShouHua2_0100,/data/fj/F2DMAS/00-论文优化重构/计算机与电子农业特刊实验工作区/06-实验一四样本代表集/E1_Representative4_PottedPlant_VFM/visual_assets/error_maps/SEEM_existing/ChangShouHua2_0100_SEEM_existing_error.png
overlay,CLIPSeg_potted,ChangShouHua2_0100,/data/fj/F2DMAS/00-论文优化重构/计算机与电子农业特刊实验工作区/06-实验一四样本代表集/E1_Representative4_PottedPlant_VFM/visual_assets/overlays/CLIPSeg_potted/ChangShouHua2_0100_CLIPSeg_potted_overlay.png
error_map,CLIPSeg_potted,ChangShouHua2_0100,/data/fj/F2DMAS/00-论文优化重构/计算机与电子农业特刊实验工作区/06-实验一四样本代表集/E1_Representative4_PottedPlant_VFM/visual_assets/error_maps/CLIPSeg_potted/ChangShouHua2_0100_CLIPSeg_potted_error.png
overlay,GroundedSAM1_potted,ChangShouHua2_0100,/data/fj/F2DMAS/00-论文优化重构/计算机与电子农业特刊实验工作区/06-实验一四样本代表集/E1_Representative4_PottedPlant_VFM/visual_assets/overlays/GroundedSAM1_potted/ChangShouHua2_0100_GroundedSAM1_potted_overlay.png
error_map,GroundedSAM1_potted,ChangShouHua2_0100,/data/fj/F2DMAS/00-论文优化重构/计算机与电子农业特刊实验工作区/06-实验一四样本代表集/E1_Representative4_PottedPlant_VFM/visual_assets/error_maps/GroundedSAM1_potted/ChangShouHua2_0100_GroundedSAM1_potted_error.png
overlay,GroundedSAM2_potted,ChangShouHua2_0100,/data/fj/F2DMAS/00-论文优化重构/计算机与电子农业特刊实验工作区/06-实验一四样本代表集/E1_Representative4_PottedPlant_VFM/visual_assets/overlays/GroundedSAM2_potted/ChangShouHua2_0100_GroundedSAM2_potted_overlay.png
error_map,GroundedSAM2_potted,ChangShouHua2_0100,/data/fj/F2DMAS/00-论文优化重构/计算机与电子农业特刊实验工作区/06-实验一四样本代表集/E1_Representative4_PottedPlant_VFM/visual_assets/error_maps/GroundedSAM2_potted/ChangShouHua2_0100_GroundedSAM2_potted_error.png
overlay,SAM2_oracle_box,ChangShouHua2_0100,/data/fj/F2DMAS/00-论文优化重构/计算机与电子农业特刊实验工作区/06-实验一四样本代表集/E1_Representative4_PottedPlant_VFM/visual_assets/overlays/SAM2_oracle_box/ChangShouHua2_0100_SAM2_oracle_box_overlay.png
error_map,SAM2_oracle_box,ChangShouHua2_0100,/data/fj/F2DMAS/00-论文优化重构/计算机与电子农业特刊实验工作区/06-实验一四样本代表集/E1_Representative4_PottedPlant_VFM/visual_assets/error_maps/SAM2_oracle_box/ChangShouHua2_0100_SAM2_oracle_box_error.png
overlay,SAM3_P2,ChangShouHua2_0100,/data/fj/F2DMAS/00-论文优化重构/计算机与电子农业特刊实验工作区/06-实验一四样本代表集/E1_Representative4_PottedPlant_VFM/visual_assets/overlays/SAM3_P2/ChangShouHua2_0100_SAM3_P2_overlay.png
error_map,SAM3_P2,ChangShouHua2_0100,/data/fj/F2DMAS/00-论文优化重构/计算机与电子农业特刊实验工作区/06-实验一四样本代表集/E1_Representative4_PottedPlant_VFM/visual_assets/error_maps/SAM3_P2/ChangShouHua2_0100_SAM3_P2_error.png
overlay,RAP-FSAM3-v2,ChangShouHua2_0100,/data/fj/F2DMAS/00-论文优化重构/计算机与电子农业特刊实验工作区/06-实验一四样本代表集/E1_Representative4_PottedPlant_VFM/visual_assets/overlays/RAP-FSAM3-v2/ChangShouHua2_0100_RAP-FSAM3-v2_overlay.png
error_map,RAP-FSAM3-v2,ChangShouHua2_0100,/data/fj/F2DMAS/00-论文优化重构/计算机与电子农业特刊实验工作区/06-实验一四样本代表集/E1_Representative4_PottedPlant_VFM/visual_assets/error_maps/RAP-FSAM3-v2/ChangShouHua2_0100_RAP-FSAM3-v2_error.png
overlay,UNet_fewshot_seqcv,ChangShouHua2_0100,/data/fj/F2DMAS/00-论文优化重构/计算机与电子农业特刊实验工作区/06-实验一四样本代表集/E1_Representative4_PottedPlant_VFM/visual_assets/overlays/UNet_fewshot_seqcv/ChangShouHua2_0100_UNet_fewshot_seqcv_overlay.png
error_map,UNet_fewshot_seqcv,ChangShouHua2_0100,/data/fj/F2DMAS/00-论文优化重构/计算机与电子农业特刊实验工作区/06-实验一四样本代表集/E1_Representative4_PottedPlant_VFM/visual_assets/error_maps/UNet_fewshot_seqcv/ChangShouHua2_0100_UNet_fewshot_seqcv_error.png
overlay,DeepLabV3PlusLite_fewshot_seqcv,ChangShouHua2_0100,/data/fj/F2DMAS/00-论文优化重构/计算机与电子农业特刊实验工作区/06-实验一四样本代表集/E1_Representative4_PottedPlant_VFM/visual_assets/overlays/DeepLabV3PlusLite_fewshot_seqcv/ChangShouHua2_0100_DeepLabV3PlusLite_fewshot_seqcv_overlay.png
error_map,DeepLabV3PlusLite_fewshot_seqcv,ChangShouHua2_0100,/data/fj/F2DMAS/00-论文优化重构/计算机与电子农业特刊实验工作区/06-实验一四样本代表集/E1_Representative4_PottedPlant_VFM/visual_assets/error_maps/DeepLabV3PlusLite_fewshot_seqcv/ChangShouHua2_0100_DeepLabV3PlusLite_fewshot_seqcv_error.png
overlay,SAM_existing,ChangShouHua2_0100,/data/fj/F2DMAS/00-论文优化重构/计算机与电子农业特刊实验工作区/06-实验一四样本代表集/E1_Representative4_PottedPlant_VFM/visual_assets/overlays/SAM_existing/ChangShouHua2_0100_SAM_existing_overlay.png
error_map,SAM_existing,ChangShouHua2_0100,/data/fj/F2DMAS/00-论文优化重构/计算机与电子农业特刊实验工作区/06-实验一四样本代表集/E1_Representative4_PottedPlant_VFM/visual_assets/error_maps/SAM_existing/ChangShouHua2_0100_SAM_existing_error.png
contact_sheet,all,ChangShouHua2_0100,/data/fj/F2DMAS/00-论文优化重构/计算机与电子农业特刊实验工作区/06-实验一四样本代表集/E1_Representative4_PottedPlant_VFM/visual_assets/contact_sheets/ChangShouHua2_0100_method_overlay_grid.png
contact_sheet,all,ChangShouHua2_0100,/data/fj/F2DMAS/00-论文优化重构/计算机与电子农业特刊实验工作区/06-实验一四样本代表集/E1_Representative4_PottedPlant_VFM/visual_assets/contact_sheets/ChangShouHua2_0100_method_overlay_grid.tif
gt_overlay,GT,CaoMei1_0000,/data/fj/F2DMAS/00-论文优化重构/计算机与电子农业特刊实验工作区/06-实验一四样本代表集/E1_Representative4_PottedPlant_VFM/visual_assets/gt_overlays/CaoMei1_0000_gt_overlay.png
overlay,SEEM_existing,CaoMei1_0000,/data/fj/F2DMAS/00-论文优化重构/计算机与电子农业特刊实验工作区/06-实验一四样本代表集/E1_Representative4_PottedPlant_VFM/visual_assets/overlays/SEEM_existing/CaoMei1_0000_SEEM_existing_overlay.png
error_map,SEEM_existing,CaoMei1_0000,/data/fj/F2DMAS/00-论文优化重构/计算机与电子农业特刊实验工作区/06-实验一四样本代表集/E1_Representative4_PottedPlant_VFM/visual_assets/error_maps/SEEM_existing/CaoMei1_0000_SEEM_existing_error.png
overlay,CLIPSeg_potted,CaoMei1_0000,/data/fj/F2DMAS/00-论文优化重构/计算机与电子农业特刊实验工作区/06-实验一四样本代表集/E1_Representative4_PottedPlant_VFM/visual_assets/overlays/CLIPSeg_potted/CaoMei1_0000_CLIPSeg_potted_overlay.png
error_map,CLIPSeg_potted,CaoMei1_0000,/data/fj/F2DMAS/00-论文优化重构/计算机与电子农业特刊实验工作区/06-实验一四样本代表集/E1_Representative4_PottedPlant_VFM/visual_assets/error_maps/CLIPSeg_potted/CaoMei1_0000_CLIPSeg_potted_error.png
overlay,GroundedSAM1_potted,CaoMei1_0000,/data/fj/F2DMAS/00-论文优化重构/计算机与电子农业特刊实验工作区/06-实验一四样本代表集/E1_Representative4_PottedPlant_VFM/visual_assets/overlays/GroundedSAM1_potted/CaoMei1_0000_GroundedSAM1_potted_overlay.png
error_map,GroundedSAM1_potted,CaoMei1_0000,/data/fj/F2DMAS/00-论文优化重构/计算机与电子农业特刊实验工作区/06-实验一四样本代表集/E1_Representative4_PottedPlant_VFM/visual_assets/error_maps/GroundedSAM1_potted/CaoMei1_0000_GroundedSAM1_potted_error.png
overlay,GroundedSAM2_potted,CaoMei1_0000,/data/fj/F2DMAS/00-论文优化重构/计算机与电子农业特刊实验工作区/06-实验一四样本代表集/E1_Representative4_PottedPlant_VFM/visual_assets/overlays/GroundedSAM2_potted/CaoMei1_0000_GroundedSAM2_potted_overlay.png
error_map,GroundedSAM2_potted,CaoMei1_0000,/data/fj/F2DMAS/00-论文优化重构/计算机与电子农业特刊实验工作区/06-实验一四样本代表集/E1_Representative4_PottedPlant_VFM/visual_assets/error_maps/GroundedSAM2_potted/CaoMei1_0000_GroundedSAM2_potted_error.png
overlay,SAM2_oracle_box,CaoMei1_0000,/data/fj/F2DMAS/00-论文优化重构/计算机与电子农业特刊实验工作区/06-实验一四样本代表集/E1_Representative4_PottedPlant_VFM/visual_assets/overlays/SAM2_oracle_box/CaoMei1_0000_SAM2_oracle_box_overlay.png
error_map,SAM2_oracle_box,CaoMei1_0000,/data/fj/F2DMAS/00-论文优化重构/计算机与电子农业特刊实验工作区/06-实验一四样本代表集/E1_Representative4_PottedPlant_VFM/visual_assets/error_maps/SAM2_oracle_box/CaoMei1_0000_SAM2_oracle_box_error.png
overlay,SAM3_P2,CaoMei1_0000,/data/fj/F2DMAS/00-论文优化重构/计算机与电子农业特刊实验工作区/06-实验一四样本代表集/E1_Representative4_PottedPlant_VFM/visual_assets/overlays/SAM3_P2/CaoMei1_0000_SAM3_P2_overlay.png
error_map,SAM3_P2,CaoMei1_0000,/data/fj/F2DMAS/00-论文优化重构/计算机与电子农业特刊实验工作区/06-实验一四样本代表集/E1_Representative4_PottedPlant_VFM/visual_assets/error_maps/SAM3_P2/CaoMei1_0000_SAM3_P2_error.png
overlay,RAP-FSAM3-v2,CaoMei1_0000,/data/fj/F2DMAS/00-论文优化重构/计算机与电子农业特刊实验工作区/06-实验一四样本代表集/E1_Representative4_PottedPlant_VFM/visual_assets/overlays/RAP-FSAM3-v2/CaoMei1_0000_RAP-FSAM3-v2_overlay.png
error_map,RAP-FSAM3-v2,CaoMei1_0000,/data/fj/F2DMAS/00-论文优化重构/计算机与电子农业特刊实验工作区/06-实验一四样本代表集/E1_Representative4_PottedPlant_VFM/visual_assets/error_maps/RAP-FSAM3-v2/CaoMei1_0000_RAP-FSAM3-v2_error.png
overlay,UNet_fewshot_seqcv,CaoMei1_0000,/data/fj/F2DMAS/00-论文优化重构/计算机与电子农业特刊实验工作区/06-实验一四样本代表集/E1_Representative4_PottedPlant_VFM/visual_assets/overlays/UNet_fewshot_seqcv/CaoMei1_0000_UNet_fewshot_seqcv_overlay.png
error_map,UNet_fewshot_seqcv,CaoMei1_0000,/data/fj/F2DMAS/00-论文优化重构/计算机与电子农业特刊实验工作区/06-实验一四样本代表集/E1_Representative4_PottedPlant_VFM/visual_assets/error_maps/UNet_fewshot_seqcv/CaoMei1_0000_UNet_fewshot_seqcv_error.png
overlay,DeepLabV3PlusLite_fewshot_seqcv,CaoMei1_0000,/data/fj/F2DMAS/00-论文优化重构/计算机与电子农业特刊实验工作区/06-实验一四样本代表集/E1_Representative4_PottedPlant_VFM/visual_assets/overlays/DeepLabV3PlusLite_fewshot_seqcv/CaoMei1_0000_DeepLabV3PlusLite_fewshot_seqcv_overlay.png
error_map,DeepLabV3PlusLite_fewshot_seqcv,CaoMei1_0000,/data/fj/F2DMAS/00-论文优化重构/计算机与电子农业特刊实验工作区/06-实验一四样本代表集/E1_Representative4_PottedPlant_VFM/visual_assets/error_maps/DeepLabV3PlusLite_fewshot_seqcv/CaoMei1_0000_DeepLabV3PlusLite_fewshot_seqcv_error.png
overlay,SAM_existing,CaoMei1_0000,/data/fj/F2DMAS/00-论文优化重构/计算机与电子农业特刊实验工作区/06-实验一四样本代表集/E1_Representative4_PottedPlant_VFM/visual_assets/overlays/SAM_existing/CaoMei1_0000_SAM_existing_overlay.png
error_map,SAM_existing,CaoMei1_0000,/data/fj/F2DMAS/00-论文优化重构/计算机与电子农业特刊实验工作区/06-实验一四样本代表集/E1_Representative4_PottedPlant_VFM/visual_assets/error_maps/SAM_existing/CaoMei1_0000_SAM_existing_error.png
contact_sheet,all,CaoMei1_0000,/data/fj/F2DMAS/00-论文优化重构/计算机与电子农业特刊实验工作区/06-实验一四样本代表集/E1_Representative4_PottedPlant_VFM/visual_assets/contact_sheets/CaoMei1_0000_method_overlay_grid.png
contact_sheet,all,CaoMei1_0000,/data/fj/F2DMAS/00-论文优化重构/计算机与电子农业特刊实验工作区/06-实验一四样本代表集/E1_Representative4_PottedPlant_VFM/visual_assets/contact_sheets/CaoMei1_0000_method_overlay_grid.tif
gt_overlay,GT,CaoMei1_0025,/data/fj/F2DMAS/00-论文优化重构/计算机与电子农业特刊实验工作区/06-实验一四样本代表集/E1_Representative4_PottedPlant_VFM/visual_assets/gt_overlays/CaoMei1_0025_gt_overlay.png
overlay,SEEM_existing,CaoMei1_0025,/data/fj/F2DMAS/00-论文优化重构/计算机与电子农业特刊实验工作区/06-实验一四样本代表集/E1_Representative4_PottedPlant_VFM/visual_assets/overlays/SEEM_existing/CaoMei1_0025_SEEM_existing_overlay.png
error_map,SEEM_existing,CaoMei1_0025,/data/fj/F2DMAS/00-论文优化重构/计算机与电子农业特刊实验工作区/06-实验一四样本代表集/E1_Representative4_PottedPlant_VFM/visual_assets/error_maps/SEEM_existing/CaoMei1_0025_SEEM_existing_error.png
overlay,CLIPSeg_potted,CaoMei1_0025,/data/fj/F2DMAS/00-论文优化重构/计算机与电子农业特刊实验工作区/06-实验一四样本代表集/E1_Representative4_PottedPlant_VFM/visual_assets/overlays/CLIPSeg_potted/CaoMei1_0025_CLIPSeg_potted_overlay.png
error_map,CLIPSeg_potted,CaoMei1_0025,/data/fj/F2DMAS/00-论文优化重构/计算机与电子农业特刊实验工作区/06-实验一四样本代表集/E1_Representative4_PottedPlant_VFM/visual_assets/error_maps/CLIPSeg_potted/CaoMei1_0025_CLIPSeg_potted_error.png
overlay,GroundedSAM1_potted,CaoMei1_0025,/data/fj/F2DMAS/00-论文优化重构/计算机与电子农业特刊实验工作区/06-实验一四样本代表集/E1_Representative4_PottedPlant_VFM/visual_assets/overlays/GroundedSAM1_potted/CaoMei1_0025_GroundedSAM1_potted_overlay.png
error_map,GroundedSAM1_potted,CaoMei1_0025,/data/fj/F2DMAS/00-论文优化重构/计算机与电子农业特刊实验工作区/06-实验一四样本代表集/E1_Representative4_PottedPlant_VFM/visual_assets/error_maps/GroundedSAM1_potted/CaoMei1_0025_GroundedSAM1_potted_error.png
overlay,GroundedSAM2_potted,CaoMei1_0025,/data/fj/F2DMAS/00-论文优化重构/计算机与电子农业特刊实验工作区/06-实验一四样本代表集/E1_Representative4_PottedPlant_VFM/visual_assets/overlays/GroundedSAM2_potted/CaoMei1_0025_GroundedSAM2_potted_overlay.png
error_map,GroundedSAM2_potted,CaoMei1_0025,/data/fj/F2DMAS/00-论文优化重构/计算机与电子农业特刊实验工作区/06-实验一四样本代表集/E1_Representative4_PottedPlant_VFM/visual_assets/error_maps/GroundedSAM2_potted/CaoMei1_0025_GroundedSAM2_potted_error.png
overlay,SAM2_oracle_box,CaoMei1_0025,/data/fj/F2DMAS/00-论文优化重构/计算机与电子农业特刊实验工作区/06-实验一四样本代表集/E1_Representative4_PottedPlant_VFM/visual_assets/overlays/SAM2_oracle_box/CaoMei1_0025_SAM2_oracle_box_overlay.png
error_map,SAM2_oracle_box,CaoMei1_0025,/data/fj/F2DMAS/00-论文优化重构/计算机与电子农业特刊实验工作区/06-实验一四样本代表集/E1_Representative4_PottedPlant_VFM/visual_assets/error_maps/SAM2_oracle_box/CaoMei1_0025_SAM2_oracle_box_error.png
overlay,SAM3_P2,CaoMei1_0025,/data/fj/F2DMAS/00-论文优化重构/计算机与电子农业特刊实验工作区/06-实验一四样本代表集/E1_Representative4_PottedPlant_VFM/visual_assets/overlays/SAM3_P2/CaoMei1_0025_SAM3_P2_overlay.png
error_map,SAM3_P2,CaoMei1_0025,/data/fj/F2DMAS/00-论文优化重构/计算机与电子农业特刊实验工作区/06-实验一四样本代表集/E1_Representative4_PottedPlant_VFM/visual_assets/error_maps/SAM3_P2/CaoMei1_0025_SAM3_P2_error.png
overlay,RAP-FSAM3-v2,CaoMei1_0025,/data/fj/F2DMAS/00-论文优化重构/计算机与电子农业特刊实验工作区/06-实验一四样本代表集/E1_Representative4_PottedPlant_VFM/visual_assets/overlays/RAP-FSAM3-v2/CaoMei1_0025_RAP-FSAM3-v2_overlay.png
error_map,RAP-FSAM3-v2,CaoMei1_0025,/data/fj/F2DMAS/00-论文优化重构/计算机与电子农业特刊实验工作区/06-实验一四样本代表集/E1_Representative4_PottedPlant_VFM/visual_assets/error_maps/RAP-FSAM3-v2/CaoMei1_0025_RAP-FSAM3-v2_error.png
overlay,UNet_fewshot_seqcv,CaoMei1_0025,/data/fj/F2DMAS/00-论文优化重构/计算机与电子农业特刊实验工作区/06-实验一四样本代表集/E1_Representative4_PottedPlant_VFM/visual_assets/overlays/UNet_fewshot_seqcv/CaoMei1_0025_UNet_fewshot_seqcv_overlay.png
error_map,UNet_fewshot_seqcv,CaoMei1_0025,/data/fj/F2DMAS/00-论文优化重构/计算机与电子农业特刊实验工作区/06-实验一四样本代表集/E1_Representative4_PottedPlant_VFM/visual_assets/error_maps/UNet_fewshot_seqcv/CaoMei1_0025_UNet_fewshot_seqcv_error.png
overlay,DeepLabV3PlusLite_fewshot_seqcv,CaoMei1_0025,/data/fj/F2DMAS/00-论文优化重构/计算机与电子农业特刊实验工作区/06-实验一四样本代表集/E1_Representative4_PottedPlant_VFM/visual_assets/overlays/DeepLabV3PlusLite_fewshot_seqcv/CaoMei1_0025_DeepLabV3PlusLite_fewshot_seqcv_overlay.png
error_map,DeepLabV3PlusLite_fewshot_seqcv,CaoMei1_0025,/data/fj/F2DMAS/00-论文优化重构/计算机与电子农业特刊实验工作区/06-实验一四样本代表集/E1_Representative4_PottedPlant_VFM/visual_assets/error_maps/DeepLabV3PlusLite_fewshot_seqcv/CaoMei1_0025_DeepLabV3PlusLite_fewshot_seqcv_error.png
overlay,SAM_existing,CaoMei1_0025,/data/fj/F2DMAS/00-论文优化重构/计算机与电子农业特刊实验工作区/06-实验一四样本代表集/E1_Representative4_PottedPlant_VFM/visual_assets/overlays/SAM_existing/CaoMei1_0025_SAM_existing_overlay.png
error_map,SAM_existing,CaoMei1_0025,/data/fj/F2DMAS/00-论文优化重构/计算机与电子农业特刊实验工作区/06-实验一四样本代表集/E1_Representative4_PottedPlant_VFM/visual_assets/error_maps/SAM_existing/CaoMei1_0025_SAM_existing_error.png
contact_sheet,all,CaoMei1_0025,/data/fj/F2DMAS/00-论文优化重构/计算机与电子农业特刊实验工作区/06-实验一四样本代表集/E1_Representative4_PottedPlant_VFM/visual_assets/contact_sheets/CaoMei1_0025_method_overlay_grid.png
contact_sheet,all,CaoMei1_0025,/data/fj/F2DMAS/00-论文优化重构/计算机与电子农业特刊实验工作区/06-实验一四样本代表集/E1_Representative4_PottedPlant_VFM/visual_assets/contact_sheets/CaoMei1_0025_method_overlay_grid.tif
gt_overlay,GT,CaoMei1_0050,/data/fj/F2DMAS/00-论文优化重构/计算机与电子农业特刊实验工作区/06-实验一四样本代表集/E1_Representative4_PottedPlant_VFM/visual_assets/gt_overlays/CaoMei1_0050_gt_overlay.png
overlay,SEEM_existing,CaoMei1_0050,/data/fj/F2DMAS/00-论文优化重构/计算机与电子农业特刊实验工作区/06-实验一四样本代表集/E1_Representative4_PottedPlant_VFM/visual_assets/overlays/SEEM_existing/CaoMei1_0050_SEEM_existing_overlay.png
error_map,SEEM_existing,CaoMei1_0050,/data/fj/F2DMAS/00-论文优化重构/计算机与电子农业特刊实验工作区/06-实验一四样本代表集/E1_Representative4_PottedPlant_VFM/visual_assets/error_maps/SEEM_existing/CaoMei1_0050_SEEM_existing_error.png
overlay,CLIPSeg_potted,CaoMei1_0050,/data/fj/F2DMAS/00-论文优化重构/计算机与电子农业特刊实验工作区/06-实验一四样本代表集/E1_Representative4_PottedPlant_VFM/visual_assets/overlays/CLIPSeg_potted/CaoMei1_0050_CLIPSeg_potted_overlay.png
error_map,CLIPSeg_potted,CaoMei1_0050,/data/fj/F2DMAS/00-论文优化重构/计算机与电子农业特刊实验工作区/06-实验一四样本代表集/E1_Representative4_PottedPlant_VFM/visual_assets/error_maps/CLIPSeg_potted/CaoMei1_0050_CLIPSeg_potted_error.png
overlay,GroundedSAM1_potted,CaoMei1_0050,/data/fj/F2DMAS/00-论文优化重构/计算机与电子农业特刊实验工作区/06-实验一四样本代表集/E1_Representative4_PottedPlant_VFM/visual_assets/overlays/GroundedSAM1_potted/CaoMei1_0050_GroundedSAM1_potted_overlay.png
error_map,GroundedSAM1_potted,CaoMei1_0050,/data/fj/F2DMAS/00-论文优化重构/计算机与电子农业特刊实验工作区/06-实验一四样本代表集/E1_Representative4_PottedPlant_VFM/visual_assets/error_maps/GroundedSAM1_potted/CaoMei1_0050_GroundedSAM1_potted_error.png
overlay,GroundedSAM2_potted,CaoMei1_0050,/data/fj/F2DMAS/00-论文优化重构/计算机与电子农业特刊实验工作区/06-实验一四样本代表集/E1_Representative4_PottedPlant_VFM/visual_assets/overlays/GroundedSAM2_potted/CaoMei1_0050_GroundedSAM2_potted_overlay.png
error_map,GroundedSAM2_potted,CaoMei1_0050,/data/fj/F2DMAS/00-论文优化重构/计算机与电子农业特刊实验工作区/06-实验一四样本代表集/E1_Representative4_PottedPlant_VFM/visual_assets/error_maps/GroundedSAM2_potted/CaoMei1_0050_GroundedSAM2_potted_error.png
overlay,SAM2_oracle_box,CaoMei1_0050,/data/fj/F2DMAS/00-论文优化重构/计算机与电子农业特刊实验工作区/06-实验一四样本代表集/E1_Representative4_PottedPlant_VFM/visual_assets/overlays/SAM2_oracle_box/CaoMei1_0050_SAM2_oracle_box_overlay.png
error_map,SAM2_oracle_box,CaoMei1_0050,/data/fj/F2DMAS/00-论文优化重构/计算机与电子农业特刊实验工作区/06-实验一四样本代表集/E1_Representative4_PottedPlant_VFM/visual_assets/error_maps/SAM2_oracle_box/CaoMei1_0050_SAM2_oracle_box_error.png
overlay,SAM3_P2,CaoMei1_0050,/data/fj/F2DMAS/00-论文优化重构/计算机与电子农业特刊实验工作区/06-实验一四样本代表集/E1_Representative4_PottedPlant_VFM/visual_assets/overlays/SAM3_P2/CaoMei1_0050_SAM3_P2_overlay.png
error_map,SAM3_P2,CaoMei1_0050,/data/fj/F2DMAS/00-论文优化重构/计算机与电子农业特刊实验工作区/06-实验一四样本代表集/E1_Representative4_PottedPlant_VFM/visual_assets/error_maps/SAM3_P2/CaoMei1_0050_SAM3_P2_error.png
overlay,RAP-FSAM3-v2,CaoMei1_0050,/data/fj/F2DMAS/00-论文优化重构/计算机与电子农业特刊实验工作区/06-实验一四样本代表集/E1_Representative4_PottedPlant_VFM/visual_assets/overlays/RAP-FSAM3-v2/CaoMei1_0050_RAP-FSAM3-v2_overlay.png
error_map,RAP-FSAM3-v2,CaoMei1_0050,/data/fj/F2DMAS/00-论文优化重构/计算机与电子农业特刊实验工作区/06-实验一四样本代表集/E1_Representative4_PottedPlant_VFM/visual_assets/error_maps/RAP-FSAM3-v2/CaoMei1_0050_RAP-FSAM3-v2_error.png
overlay,UNet_fewshot_seqcv,CaoMei1_0050,/data/fj/F2DMAS/00-论文优化重构/计算机与电子农业特刊实验工作区/06-实验一四样本代表集/E1_Representative4_PottedPlant_VFM/visual_assets/overlays/UNet_fewshot_seqcv/CaoMei1_0050_UNet_fewshot_seqcv_overlay.png
error_map,UNet_fewshot_seqcv,CaoMei1_0050,/data/fj/F2DMAS/00-论文优化重构/计算机与电子农业特刊实验工作区/06-实验一四样本代表集/E1_Representative4_PottedPlant_VFM/visual_assets/error_maps/UNet_fewshot_seqcv/CaoMei1_0050_UNet_fewshot_seqcv_error.png
overlay,DeepLabV3PlusLite_fewshot_seqcv,CaoMei1_0050,/data/fj/F2DMAS/00-论文优化重构/计算机与电子农业特刊实验工作区/06-实验一四样本代表集/E1_Representative4_PottedPlant_VFM/visual_assets/overlays/DeepLabV3PlusLite_fewshot_seqcv/CaoMei1_0050_DeepLabV3PlusLite_fewshot_seqcv_overlay.png
error_map,DeepLabV3PlusLite_fewshot_seqcv,CaoMei1_0050,/data/fj/F2DMAS/00-论文优化重构/计算机与电子农业特刊实验工作区/06-实验一四样本代表集/E1_Representative4_PottedPlant_VFM/visual_assets/error_maps/DeepLabV3PlusLite_fewshot_seqcv/CaoMei1_0050_DeepLabV3PlusLite_fewshot_seqcv_error.png
overlay,SAM_existing,CaoMei1_0050,/data/fj/F2DMAS/00-论文优化重构/计算机与电子农业特刊实验工作区/06-实验一四样本代表集/E1_Representative4_PottedPlant_VFM/visual_assets/overlays/SAM_existing/CaoMei1_0050_SAM_existing_overlay.png
error_map,SAM_existing,CaoMei1_0050,/data/fj/F2DMAS/00-论文优化重构/计算机与电子农业特刊实验工作区/06-实验一四样本代表集/E1_Representative4_PottedPlant_VFM/visual_assets/error_maps/SAM_existing/CaoMei1_0050_SAM_existing_error.png
contact_sheet,all,CaoMei1_0050,/data/fj/F2DMAS/00-论文优化重构/计算机与电子农业特刊实验工作区/06-实验一四样本代表集/E1_Representative4_PottedPlant_VFM/visual_assets/contact_sheets/CaoMei1_0050_method_overlay_grid.png
contact_sheet,all,CaoMei1_0050,/data/fj/F2DMAS/00-论文优化重构/计算机与电子农业特刊实验工作区/06-实验一四样本代表集/E1_Representative4_PottedPlant_VFM/visual_assets/contact_sheets/CaoMei1_0050_method_overlay_grid.tif
gt_overlay,GT,CaoMei1_0075,/data/fj/F2DMAS/00-论文优化重构/计算机与电子农业特刊实验工作区/06-实验一四样本代表集/E1_Representative4_PottedPlant_VFM/visual_assets/gt_overlays/CaoMei1_0075_gt_overlay.png
overlay,SEEM_existing,CaoMei1_0075,/data/fj/F2DMAS/00-论文优化重构/计算机与电子农业特刊实验工作区/06-实验一四样本代表集/E1_Representative4_PottedPlant_VFM/visual_assets/overlays/SEEM_existing/CaoMei1_0075_SEEM_existing_overlay.png
error_map,SEEM_existing,CaoMei1_0075,/data/fj/F2DMAS/00-论文优化重构/计算机与电子农业特刊实验工作区/06-实验一四样本代表集/E1_Representative4_PottedPlant_VFM/visual_assets/error_maps/SEEM_existing/CaoMei1_0075_SEEM_existing_error.png
overlay,CLIPSeg_potted,CaoMei1_0075,/data/fj/F2DMAS/00-论文优化重构/计算机与电子农业特刊实验工作区/06-实验一四样本代表集/E1_Representative4_PottedPlant_VFM/visual_assets/overlays/CLIPSeg_potted/CaoMei1_0075_CLIPSeg_potted_overlay.png
error_map,CLIPSeg_potted,CaoMei1_0075,/data/fj/F2DMAS/00-论文优化重构/计算机与电子农业特刊实验工作区/06-实验一四样本代表集/E1_Representative4_PottedPlant_VFM/visual_assets/error_maps/CLIPSeg_potted/CaoMei1_0075_CLIPSeg_potted_error.png
overlay,GroundedSAM1_potted,CaoMei1_0075,/data/fj/F2DMAS/00-论文优化重构/计算机与电子农业特刊实验工作区/06-实验一四样本代表集/E1_Representative4_PottedPlant_VFM/visual_assets/overlays/GroundedSAM1_potted/CaoMei1_0075_GroundedSAM1_potted_overlay.png
error_map,GroundedSAM1_potted,CaoMei1_0075,/data/fj/F2DMAS/00-论文优化重构/计算机与电子农业特刊实验工作区/06-实验一四样本代表集/E1_Representative4_PottedPlant_VFM/visual_assets/error_maps/GroundedSAM1_potted/CaoMei1_0075_GroundedSAM1_potted_error.png
overlay,GroundedSAM2_potted,CaoMei1_0075,/data/fj/F2DMAS/00-论文优化重构/计算机与电子农业特刊实验工作区/06-实验一四样本代表集/E1_Representative4_PottedPlant_VFM/visual_assets/overlays/GroundedSAM2_potted/CaoMei1_0075_GroundedSAM2_potted_overlay.png
error_map,GroundedSAM2_potted,CaoMei1_0075,/data/fj/F2DMAS/00-论文优化重构/计算机与电子农业特刊实验工作区/06-实验一四样本代表集/E1_Representative4_PottedPlant_VFM/visual_assets/error_maps/GroundedSAM2_potted/CaoMei1_0075_GroundedSAM2_potted_error.png
overlay,SAM2_oracle_box,CaoMei1_0075,/data/fj/F2DMAS/00-论文优化重构/计算机与电子农业特刊实验工作区/06-实验一四样本代表集/E1_Representative4_PottedPlant_VFM/visual_assets/overlays/SAM2_oracle_box/CaoMei1_0075_SAM2_oracle_box_overlay.png
error_map,SAM2_oracle_box,CaoMei1_0075,/data/fj/F2DMAS/00-论文优化重构/计算机与电子农业特刊实验工作区/06-实验一四样本代表集/E1_Representative4_PottedPlant_VFM/visual_assets/error_maps/SAM2_oracle_box/CaoMei1_0075_SAM2_oracle_box_error.png
overlay,SAM3_P2,CaoMei1_0075,/data/fj/F2DMAS/00-论文优化重构/计算机与电子农业特刊实验工作区/06-实验一四样本代表集/E1_Representative4_PottedPlant_VFM/visual_assets/overlays/SAM3_P2/CaoMei1_0075_SAM3_P2_overlay.png
error_map,SAM3_P2,CaoMei1_0075,/data/fj/F2DMAS/00-论文优化重构/计算机与电子农业特刊实验工作区/06-实验一四样本代表集/E1_Representative4_PottedPlant_VFM/visual_assets/error_maps/SAM3_P2/CaoMei1_0075_SAM3_P2_error.png
overlay,RAP-FSAM3-v2,CaoMei1_0075,/data/fj/F2DMAS/00-论文优化重构/计算机与电子农业特刊实验工作区/06-实验一四样本代表集/E1_Representative4_PottedPlant_VFM/visual_assets/overlays/RAP-FSAM3-v2/CaoMei1_0075_RAP-FSAM3-v2_overlay.png
error_map,RAP-FSAM3-v2,CaoMei1_0075,/data/fj/F2DMAS/00-论文优化重构/计算机与电子农业特刊实验工作区/06-实验一四样本代表集/E1_Representative4_PottedPlant_VFM/visual_assets/error_maps/RAP-FSAM3-v2/CaoMei1_0075_RAP-FSAM3-v2_error.png
overlay,UNet_fewshot_seqcv,CaoMei1_0075,/data/fj/F2DMAS/00-论文优化重构/计算机与电子农业特刊实验工作区/06-实验一四样本代表集/E1_Representative4_PottedPlant_VFM/visual_assets/overlays/UNet_fewshot_seqcv/CaoMei1_0075_UNet_fewshot_seqcv_overlay.png
error_map,UNet_fewshot_seqcv,CaoMei1_0075,/data/fj/F2DMAS/00-论文优化重构/计算机与电子农业特刊实验工作区/06-实验一四样本代表集/E1_Representative4_PottedPlant_VFM/visual_assets/error_maps/UNet_fewshot_seqcv/CaoMei1_0075_UNet_fewshot_seqcv_error.png
overlay,DeepLabV3PlusLite_fewshot_seqcv,CaoMei1_0075,/data/fj/F2DMAS/00-论文优化重构/计算机与电子农业特刊实验工作区/06-实验一四样本代表集/E1_Representative4_PottedPlant_VFM/visual_assets/overlays/DeepLabV3PlusLite_fewshot_seqcv/CaoMei1_0075_DeepLabV3PlusLite_fewshot_seqcv_overlay.png
error_map,DeepLabV3PlusLite_fewshot_seqcv,CaoMei1_0075,/data/fj/F2DMAS/00-论文优化重构/计算机与电子农业特刊实验工作区/06-实验一四样本代表集/E1_Representative4_PottedPlant_VFM/visual_assets/error_maps/DeepLabV3PlusLite_fewshot_seqcv/CaoMei1_0075_DeepLabV3PlusLite_fewshot_seqcv_error.png
overlay,SAM_existing,CaoMei1_0075,/data/fj/F2DMAS/00-论文优化重构/计算机与电子农业特刊实验工作区/06-实验一四样本代表集/E1_Representative4_PottedPlant_VFM/visual_assets/overlays/SAM_existing/CaoMei1_0075_SAM_existing_overlay.png
error_map,SAM_existing,CaoMei1_0075,/data/fj/F2DMAS/00-论文优化重构/计算机与电子农业特刊实验工作区/06-实验一四样本代表集/E1_Representative4_PottedPlant_VFM/visual_assets/error_maps/SAM_existing/CaoMei1_0075_SAM_existing_error.png
contact_sheet,all,CaoMei1_0075,/data/fj/F2DMAS/00-论文优化重构/计算机与电子农业特刊实验工作区/06-实验一四样本代表集/E1_Representative4_PottedPlant_VFM/visual_assets/contact_sheets/CaoMei1_0075_method_overlay_grid.png
contact_sheet,all,CaoMei1_0075,/data/fj/F2DMAS/00-论文优化重构/计算机与电子农业特刊实验工作区/06-实验一四样本代表集/E1_Representative4_PottedPlant_VFM/visual_assets/contact_sheets/CaoMei1_0075_method_overlay_grid.tif
gt_overlay,GT,CaoMei1_0100,/data/fj/F2DMAS/00-论文优化重构/计算机与电子农业特刊实验工作区/06-实验一四样本代表集/E1_Representative4_PottedPlant_VFM/visual_assets/gt_overlays/CaoMei1_0100_gt_overlay.png
overlay,SEEM_existing,CaoMei1_0100,/data/fj/F2DMAS/00-论文优化重构/计算机与电子农业特刊实验工作区/06-实验一四样本代表集/E1_Representative4_PottedPlant_VFM/visual_assets/overlays/SEEM_existing/CaoMei1_0100_SEEM_existing_overlay.png
error_map,SEEM_existing,CaoMei1_0100,/data/fj/F2DMAS/00-论文优化重构/计算机与电子农业特刊实验工作区/06-实验一四样本代表集/E1_Representative4_PottedPlant_VFM/visual_assets/error_maps/SEEM_existing/CaoMei1_0100_SEEM_existing_error.png
overlay,CLIPSeg_potted,CaoMei1_0100,/data/fj/F2DMAS/00-论文优化重构/计算机与电子农业特刊实验工作区/06-实验一四样本代表集/E1_Representative4_PottedPlant_VFM/visual_assets/overlays/CLIPSeg_potted/CaoMei1_0100_CLIPSeg_potted_overlay.png
error_map,CLIPSeg_potted,CaoMei1_0100,/data/fj/F2DMAS/00-论文优化重构/计算机与电子农业特刊实验工作区/06-实验一四样本代表集/E1_Representative4_PottedPlant_VFM/visual_assets/error_maps/CLIPSeg_potted/CaoMei1_0100_CLIPSeg_potted_error.png
overlay,GroundedSAM1_potted,CaoMei1_0100,/data/fj/F2DMAS/00-论文优化重构/计算机与电子农业特刊实验工作区/06-实验一四样本代表集/E1_Representative4_PottedPlant_VFM/visual_assets/overlays/GroundedSAM1_potted/CaoMei1_0100_GroundedSAM1_potted_overlay.png
error_map,GroundedSAM1_potted,CaoMei1_0100,/data/fj/F2DMAS/00-论文优化重构/计算机与电子农业特刊实验工作区/06-实验一四样本代表集/E1_Representative4_PottedPlant_VFM/visual_assets/error_maps/GroundedSAM1_potted/CaoMei1_0100_GroundedSAM1_potted_error.png
overlay,GroundedSAM2_potted,CaoMei1_0100,/data/fj/F2DMAS/00-论文优化重构/计算机与电子农业特刊实验工作区/06-实验一四样本代表集/E1_Representative4_PottedPlant_VFM/visual_assets/overlays/GroundedSAM2_potted/CaoMei1_0100_GroundedSAM2_potted_overlay.png
error_map,GroundedSAM2_potted,CaoMei1_0100,/data/fj/F2DMAS/00-论文优化重构/计算机与电子农业特刊实验工作区/06-实验一四样本代表集/E1_Representative4_PottedPlant_VFM/visual_assets/error_maps/GroundedSAM2_potted/CaoMei1_0100_GroundedSAM2_potted_error.png
overlay,SAM2_oracle_box,CaoMei1_0100,/data/fj/F2DMAS/00-论文优化重构/计算机与电子农业特刊实验工作区/06-实验一四样本代表集/E1_Representative4_PottedPlant_VFM/visual_assets/overlays/SAM2_oracle_box/CaoMei1_0100_SAM2_oracle_box_overlay.png
error_map,SAM2_oracle_box,CaoMei1_0100,/data/fj/F2DMAS/00-论文优化重构/计算机与电子农业特刊实验工作区/06-实验一四样本代表集/E1_Representative4_PottedPlant_VFM/visual_assets/error_maps/SAM2_oracle_box/CaoMei1_0100_SAM2_oracle_box_error.png
overlay,SAM3_P2,CaoMei1_0100,/data/fj/F2DMAS/00-论文优化重构/计算机与电子农业特刊实验工作区/06-实验一四样本代表集/E1_Representative4_PottedPlant_VFM/visual_assets/overlays/SAM3_P2/CaoMei1_0100_SAM3_P2_overlay.png
error_map,SAM3_P2,CaoMei1_0100,/data/fj/F2DMAS/00-论文优化重构/计算机与电子农业特刊实验工作区/06-实验一四样本代表集/E1_Representative4_PottedPlant_VFM/visual_assets/error_maps/SAM3_P2/CaoMei1_0100_SAM3_P2_error.png
overlay,RAP-FSAM3-v2,CaoMei1_0100,/data/fj/F2DMAS/00-论文优化重构/计算机与电子农业特刊实验工作区/06-实验一四样本代表集/E1_Representative4_PottedPlant_VFM/visual_assets/overlays/RAP-FSAM3-v2/CaoMei1_0100_RAP-FSAM3-v2_overlay.png
error_map,RAP-FSAM3-v2,CaoMei1_0100,/data/fj/F2DMAS/00-论文优化重构/计算机与电子农业特刊实验工作区/06-实验一四样本代表集/E1_Representative4_PottedPlant_VFM/visual_assets/error_maps/RAP-FSAM3-v2/CaoMei1_0100_RAP-FSAM3-v2_error.png
overlay,UNet_fewshot_seqcv,CaoMei1_0100,/data/fj/F2DMAS/00-论文优化重构/计算机与电子农业特刊实验工作区/06-实验一四样本代表集/E1_Representative4_PottedPlant_VFM/visual_assets/overlays/UNet_fewshot_seqcv/CaoMei1_0100_UNet_fewshot_seqcv_overlay.png
error_map,UNet_fewshot_seqcv,CaoMei1_0100,/data/fj/F2DMAS/00-论文优化重构/计算机与电子农业特刊实验工作区/06-实验一四样本代表集/E1_Representative4_PottedPlant_VFM/visual_assets/error_maps/UNet_fewshot_seqcv/CaoMei1_0100_UNet_fewshot_seqcv_error.png
overlay,DeepLabV3PlusLite_fewshot_seqcv,CaoMei1_0100,/data/fj/F2DMAS/00-论文优化重构/计算机与电子农业特刊实验工作区/06-实验一四样本代表集/E1_Representative4_PottedPlant_VFM/visual_assets/overlays/DeepLabV3PlusLite_fewshot_seqcv/CaoMei1_0100_DeepLabV3PlusLite_fewshot_seqcv_overlay.png
error_map,DeepLabV3PlusLite_fewshot_seqcv,CaoMei1_0100,/data/fj/F2DMAS/00-论文优化重构/计算机与电子农业特刊实验工作区/06-实验一四样本代表集/E1_Representative4_PottedPlant_VFM/visual_assets/error_maps/DeepLabV3PlusLite_fewshot_seqcv/CaoMei1_0100_DeepLabV3PlusLite_fewshot_seqcv_error.png
overlay,SAM_existing,CaoMei1_0100,/data/fj/F2DMAS/00-论文优化重构/计算机与电子农业特刊实验工作区/06-实验一四样本代表集/E1_Representative4_PottedPlant_VFM/visual_assets/overlays/SAM_existing/CaoMei1_0100_SAM_existing_overlay.png
error_map,SAM_existing,CaoMei1_0100,/data/fj/F2DMAS/00-论文优化重构/计算机与电子农业特刊实验工作区/06-实验一四样本代表集/E1_Representative4_PottedPlant_VFM/visual_assets/error_maps/SAM_existing/CaoMei1_0100_SAM_existing_error.png
contact_sheet,all,CaoMei1_0100,/data/fj/F2DMAS/00-论文优化重构/计算机与电子农业特刊实验工作区/06-实验一四样本代表集/E1_Representative4_PottedPlant_VFM/visual_assets/contact_sheets/CaoMei1_0100_method_overlay_grid.png
contact_sheet,all,CaoMei1_0100,/data/fj/F2DMAS/00-论文优化重构/计算机与电子农业特刊实验工作区/06-实验一四样本代表集/E1_Representative4_PottedPlant_VFM/visual_assets/contact_sheets/CaoMei1_0100_method_overlay_grid.tif
metric_bars,all,summary,/data/fj/F2DMAS/00-论文优化重构/计算机与电子农业特刊实验工作区/06-实验一四样本代表集/E1_Representative4_PottedPlant_VFM/visual_assets/figures/Fig_E1_rep4_metric_bars.png
metric_bars,all,summary,/data/fj/F2DMAS/00-论文优化重构/计算机与电子农业特刊实验工作区/06-实验一四样本代表集/E1_Representative4_PottedPlant_VFM/visual_assets/figures/Fig_E1_rep4_metric_bars.tif
metric_bars,all,summary,/data/fj/F2DMAS/00-论文优化重构/计算机与电子农业特刊实验工作区/06-实验一四样本代表集/E1_Representative4_PottedPlant_VFM/visual_assets/figures/Fig_E1_rep4_metric_bars.pdf
