image_name,registered,matched_points,matched_norm,inlier_ratio,reprojection_error,reprojection_score,geo_score,accepted,accept_rule
0000,1.0,4234.0,0.8987095952033997,0.3131425190444494,1.1926022553827096,0.0,0.6529630285619622,True,top_0.750
0001,1.0,4168.0,0.2737623453140259,0.31809509272685643,1.1926022553827096,0.0,0.49796435951022056,False,top_0.750
0002,1.0,4276.0,0.452644020318985,0.3142731148022931,1.1926022553827096,0.0,0.5417292837803195,True,top_0.750
0003,1.0,3097.0,0.30463019013404846,0.3673348357252995,1.1926022553827096,0.0,0.517991256464837,True,top_0.750
0004,1.0,4066.0,0.06882010400295258,0.5223535457348407,1.1926022553827096,0.0,0.4977934124344483,False,top_0.750
0005,1.0,3816.0,0.5985493659973145,0.4870453095086152,1.1926022553827096,0.0,0.6213986688764824,True,top_0.750
0006,1.0,4640.0,0.257485032081604,0.4253758709204254,1.1926022553827096,0.0,0.5207152257505073,True,top_0.750
0007,1.0,3801.0,0.4100531339645386,0.44539489102413876,1.1926022553827096,0.0,0.5638620062471693,True,top_0.750
0008,1.0,2486.0,0.32200387120246887,0.41433333333333333,1.1926022553827096,0.0,0.5340843011339506,True,top_0.750
0009,1.0,3891.0,0.12170026451349258,0.3922774473233189,1.1926022553827096,0.0,0.47849442795920283,False,top_0.750
0010,1.0,2570.0,0.36822131276130676,0.38698991115795817,1.1926022553827096,0.0,0.5388028059798162,True,top_0.750
0011,1.0,4235.0,0.005397655535489321,0.37755193010608895,1.1926022553827096,0.0,0.44573739641039456,False,top_0.750
0012,1.0,4041.0,0.21961709856987,0.418539616778871,1.1926022553827096,0.0,0.5095391788371852,True,top_0.750
0013,1.0,4731.0,0.0781816616654396,0.44856357257988055,1.1926022553827096,0.0,0.48168630856133,False,top_0.750
0014,1.0,5467.0,0.2299063801765442,0.43340732519422864,1.1926022553827096,0.0,0.5158284263426932,True,top_0.750
0015,1.0,5917.0,0.08602513372898102,0.4422602586142462,1.1926022553827096,0.0,0.48207134808580676,False,top_0.750
0016,1.0,5968.0,0.8052626848220825,0.4723761279088175,1.1926022553827096,0.0,0.669409703182725,True,top_0.750
0017,1.0,6213.0,0.13612212240695953,0.4772622522660931,1.1926022553827096,0.0,0.5033460936682631,True,top_0.750
0018,1.0,3675.0,0.7204183340072632,0.44871794871794873,1.1926022553827096,0.0,0.642284070681303,True,top_0.750
0019,1.0,2678.0,0.41418570280075073,0.388961510530138,1.1926022553827096,0.0,0.5507868033327221,True,top_0.750
0020,1.0,3284.0,0.0924348458647728,0.4075958793595631,1.1926022553827096,0.0,0.47500768130608395,False,top_0.750
0021,1.0,3224.0,0.1145315021276474,0.44450572177030195,1.1926022553827096,0.0,0.4897593059744873,False,top_0.750
0022,1.0,4387.0,0.525343656539917,0.348119346135534,1.1926022553827096,0.0,0.5683657506688627,True,top_0.750
0023,1.0,3603.0,0.26043686270713806,0.42160074888836885,1.1926022553827096,0.0,0.5205094028988767,True,top_0.750
0024,1.0,3638.0,0.6828033924102783,0.4306344696969697,1.1926022553827096,0.0,0.628359465526812,True,top_0.750
0025,1.0,4163.0,0.7403221726417542,0.4093814534369161,1.1926022553827096,0.0,0.6374259065196676,True,top_0.750
0026,1.0,3947.0,0.6797672510147095,0.34182038624751016,1.1926022553827096,0.0,0.6053969093155549,True,top_0.750
0027,1.0,4162.0,0.4410896599292755,0.34576721774528535,1.1926022553827096,0.0,0.5467142194186402,True,top_0.750
0028,1.0,2544.0,0.06941047310829163,0.3909635776855694,1.1926022553827096,0.0,0.4650935126984652,False,top_0.750
0029,1.0,2591.0,0.167495995759964,0.39115338164251207,1.1926022553827096,0.0,0.489662344350619,False,top_0.750
0030,1.0,2202.0,0.17280931770801544,0.35723556132381573,1.1926022553827096,0.0,0.48251121975795774,False,top_0.750
0031,1.0,3652.0,0.16066458821296692,0.38715148945192407,1.1926022553827096,0.0,0.48695401941622274,False,top_0.750
0032,1.0,4786.0,0.24028000235557556,0.3415887516950967,1.1926022553827096,0.0,0.495467188512668,False,top_0.750
0033,1.0,4368.0,0.6612128019332886,0.3585029546946816,1.1926022553827096,0.0,0.6049289391569925,True,top_0.750
0034,1.0,3796.0,0.2795816957950592,0.3098016812209255,1.1926022553827096,0.0,0.49734584425399614,False,top_0.750
0035,1.0,2217.0,0.28261786699295044,0.33050089445438285,1.1926022553827096,0.0,0.5032796903618333,True,top_0.750
0036,1.0,980.0,0.30471450090408325,0.2698237885462555,1.1926022553827096,0.0,0.4936345723625847,False,top_0.750
0037,1.0,1888.0,0.7681538462638855,0.20813581744019402,1.1926022553827096,0.0,0.5940724159260199,True,top_0.750
0038,1.0,1864.0,0.7213460206985474,0.2923921568627451,1.1926022553827096,0.0,0.6034345443903231,True,top_0.750
0043,1.0,2742.0,0.3747996985912323,0.3038563829787234,1.1926022553827096,0.0,0.5196640203924889,True,top_0.750
0044,1.0,1570.0,0.1631104052066803,0.17154720279720279,1.1926022553827096,0.0,0.43366440200097073,False,top_0.750
0045,1.0,1366.0,0.44058361649513245,0.12412539754656975,1.1926022553827096,0.0,0.4911772535104255,False,top_0.750
0046,1.0,607.0,0.2965337038040161,0.131985214176995,1.1926022553827096,0.0,0.45712972949525277,False,top_0.750
0047,1.0,1800.0,0.0,0.1842374616171955,1.1926022553827096,0.0,0.39605936540429887,False,top_0.750
0048,1.0,2064.0,0.30513620376586914,0.27619429947812124,1.1926022553827096,0.0,0.4953326258109976,False,top_0.750
0049,1.0,1801.0,0.5637176632881165,0.3001666666666667,1.1926022553827096,0.0,0.5659710824886958,True,top_0.750
0050,1.0,1945.0,0.6992493867874146,0.3083875059457745,1.1926022553827096,0.0,0.6019092231832972,True,top_0.750
0051,1.0,1291.0,0.9014084339141846,0.29102795311091073,1.1926022553827096,0.0,0.6481090967562738,True,top_0.750
0052,1.0,1367.0,0.1848696917295456,0.3164351851851852,1.1926022553827096,0.0,0.4753262192286827,False,top_0.750
0053,1.0,1908.0,0.455089807510376,0.28418230563002683,1.1926022553827096,0.0,0.5348180282851007,True,top_0.750
0054,1.0,2152.0,0.2148098200559616,0.3190984578884935,1.1926022553827096,0.0,0.48347706948611374,False,top_0.750
0055,1.0,1993.0,0.5433920621871948,0.3445116681071737,1.1926022553827096,0.0,0.5719759325735921,True,top_0.750
0056,1.0,2589.0,0.2522560656070709,0.23201003674164353,1.1926022553827096,0.0,0.4710665255871786,False,top_0.750
0057,1.0,1772.0,0.29442521929740906,0.2994254815816154,1.1926022553827096,0.0,0.49846267521975607,True,top_0.750
0058,1.0,1600.0,0.39588427543640137,0.303951367781155,1.1926022553827096,0.0,0.5249589108043891,True,top_0.750
0059,1.0,1373.0,0.27544909715652466,0.31885740826753367,1.1926022553827096,0.0,0.4985766263560146,True,top_0.750
0060,1.0,3207.0,0.062494728714227676,0.28718545715053284,1.1926022553827096,0.0,0.4374200464661901,False,top_0.750
0061,1.0,2810.0,0.025217171758413315,0.437626537922442,1.1926022553827096,0.0,0.4657109274202138,False,top_0.750
0062,1.0,3410.0,0.6498271226882935,0.39038351459645104,1.1926022553827096,0.0,0.6100526593211861,True,top_0.750
0063,1.0,2750.0,0.2215568870306015,0.40867885272700255,1.1926022553827096,0.0,0.507558934939401,True,top_0.750
0064,1.0,3064.0,0.22408704459667206,0.3251618380558209,1.1926022553827096,0.0,0.4873122206631232,False,top_0.750
0065,1.0,2642.0,0.1370498389005661,0.29785794813979705,1.1926022553827096,0.0,0.45872694676009074,False,top_0.750
0066,1.0,1749.0,0.43695706129074097,0.3264887063655031,1.1926022553827096,0.0,0.5408614419140609,True,top_0.750
0067,1.0,1544.0,0.08383233845233917,0.3017393003713113,1.1926022553827096,0.0,0.4463929097059126,False,top_0.750
0068,1.0,864.0,0.665935754776001,0.25300146412884333,1.1926022553827096,0.0,0.579734304726211,True,top_0.750
0069,1.0,763.0,0.6195496320724487,0.14158470959361663,1.1926022553827096,0.0,0.5402835854165163,True,top_0.750
0070,1.0,571.0,0.13317027688026428,0.12599293909973522,1.1926022553827096,0.0,0.41479080399499985,False,top_0.750
0071,1.0,600.0,0.6435860395431519,0.18198362147406733,1.1926022553827096,0.0,0.5563924152543047,True,top_0.750
0072,1.0,611.0,0.8543476462364197,0.2483739837398374,1.1926022553827096,0.0,0.6256804074940643,True,top_0.750
0073,1.0,550.0,0.4932951033115387,0.23615285530270502,1.1926022553827096,0.0,0.532361989653561,True,top_0.750
0074,1.0,849.0,0.38761913776397705,0.1496826516220028,1.1926022553827096,0.0,0.48432544734649496,False,top_0.750
0075,1.0,614.0,0.11621826887130737,0.2184276058342227,1.1926022553827096,0.0,0.4336614686763825,False,top_0.750
0076,1.0,1592.0,0.23058108985424042,0.362147406733394,1.1926022553827096,0.0,0.4981821241469086,True,top_0.750
0077,1.0,3901.0,0.1351100653409958,0.5684931506849316,1.1926022553827096,0.0,0.5259008040064819,True,top_0.750
0078,1.0,2862.0,0.004216918256133795,0.5411230856494611,1.1926022553827096,0.0,0.4863350009763987,False,top_0.750
0079,1.0,9658.0,0.1030614823102951,0.7077531877473252,1.1926022553827096,0.0,0.552703667514405,True,top_0.750
0080,1.0,9328.0,0.18554440140724182,0.762589928057554,1.1926022553827096,0.0,0.587033582366199,True,top_0.750
0081,1.0,8255.0,0.11284473538398743,0.7155239663690734,1.1926022553827096,0.0,0.5570921754382652,True,top_0.750
0082,1.0,8181.0,0.22290630638599396,0.7356352845967089,1.1926022553827096,0.0,0.5896353977456756,True,top_0.750
0083,1.0,7896.0,0.26161760091781616,0.7275407721367364,1.1926022553827096,0.0,0.5972895932636382,True,top_0.750
0084,1.0,5501.0,0.17947204411029816,0.7041730670762929,1.1926022553827096,0.0,0.5709112777966477,True,top_0.750
0085,1.0,8600.0,0.08788057416677475,0.7319771895480467,1.1926022553827096,0.0,0.5549644409287053,True,top_0.750
0086,1.0,11482.0,0.21464113891124725,0.7802391954335417,1.1926022553827096,0.0,0.5987200835861972,True,top_0.750
0087,1.0,11238.0,0.19060470163822174,0.7966257886155809,1.1926022553827096,0.0,0.5968076225634507,True,top_0.750
0088,1.0,12407.0,0.17643585801124573,0.7820359281437126,1.1926022553827096,0.0,0.5896179465387396,True,top_0.750
0089,1.0,10955.0,0.26355740427970886,0.7953390445767388,1.1926022553827096,0.0,0.6147241122141118,True,top_0.750
0090,1.0,11206.0,0.18453234434127808,0.815041093897738,1.1926022553827096,0.0,0.599893359559754,True,top_0.750
0091,1.0,10599.0,0.39200472831726074,0.7444686380557701,1.1926022553827096,0.0,0.6341183415932576,True,top_0.750
0093,1.0,10098.0,0.2120266556739807,0.7721954576737784,1.1926022553827096,0.0,0.5960555283369398,True,top_0.750
0094,1.0,9074.0,0.17205026745796204,0.7434048828445027,1.1926022553827096,0.0,0.5788637875756162,True,top_0.750
0095,1.0,4809.0,0.3371847867965698,0.656608410704533,1.1926022553827096,0.0,0.5984482993752757,True,top_0.750
0096,1.0,7647.0,0.03626549616456032,0.7017527759933927,1.1926022553827096,0.0,0.5345045680394882,True,top_0.750
0097,1.0,9246.0,0.11082061380147934,0.6863632989384604,1.1926022553827096,0.0,0.5492959781849849,True,top_0.750
0098,1.0,8841.0,0.1721346080303192,0.6402346295893983,1.1926022553827096,0.0,0.5530923094049294,True,top_0.750
0099,1.0,8610.0,0.2259424775838852,0.6599724053349686,1.1926022553827096,0.0,0.5714787207297134,True,top_0.750
0100,1.0,6779.0,0.16817070543766022,0.568326626425218,1.1926022553827096,0.0,0.5341243329657195,True,top_0.750
0101,1.0,4608.0,0.1405920535326004,0.5470085470085471,1.1926022553827096,0.0,0.5219001501352869,True,top_0.750
0102,1.0,5780.0,0.17027916014194489,0.5008665511265165,1.1926022553827096,0.0,0.5177864278171154,True,top_0.750
0103,1.0,7234.0,0.16327907145023346,0.5605144893847823,1.1926022553827096,0.0,0.530948390208754,True,top_0.750
0104,1.0,7237.0,0.20511090755462646,0.5331123388581952,1.1926022553827096,0.0,0.5345558116032054,True,top_0.750
0105,1.0,5168.0,0.17196592688560486,0.4224983649444081,1.1926022553827096,0.0,0.4986160729575032,True,top_0.750
0106,1.0,4878.0,0.31424474716186523,0.396231012915279,1.1926022553827096,0.0,0.527618940019286,True,top_0.750
0107,1.0,3229.0,0.35919710993766785,0.4661469611664501,1.1926022553827096,0.0,0.5563360177760295,True,top_0.750
0108,1.0,6360.0,0.34224510192871094,0.4224510129525075,1.1926022553827096,0.0,0.5411740287203046,True,top_0.750
0109,1.0,5914.0,0.3107868731021881,0.43918015743353633,1.1926022553827096,0.0,0.5374917576339311,True,top_0.750
0110,1.0,3879.0,0.4175592362880707,0.49508615188257815,1.1926022553827096,0.0,0.5781613470426622,True,top_0.750
0111,1.0,2990.0,0.00514464033767581,0.4614909708288316,1.1926022553827096,0.0,0.4666589027916268,False,top_0.750
0112,1.0,3819.0,0.137471541762352,0.4520596590909091,1.1926022553827096,0.0,0.49738280021331527,False,top_0.750
0113,1.0,4548.0,0.2030024528503418,0.5383522727272727,1.1926022553827096,0.0,0.5353386813944037,True,top_0.750
0114,1.0,7211.0,0.45239099860191345,0.5119994319795512,1.1926022553827096,0.0,0.5910976076453661,True,top_0.750
0115,1.0,6699.0,0.10550729185342789,0.5170178282009724,1.1926022553827096,0.0,0.5056312800136,True,top_0.750
0116,1.0,6446.0,0.4900059103965759,0.5443796976606705,1.1926022553827096,0.0,0.6085964020143115,True,top_0.750
0117,1.0,5774.0,0.921986997127533,0.5584139264990329,1.1926022553827096,0.0,0.7201002309066414,True,top_0.750
0118,1.0,4916.0,0.026482246816158295,0.4900807496760044,1.1926022553827096,0.0,0.47914074912304067,False,top_0.750
0119,1.0,4950.0,0.3894745707511902,0.5132192846034215,1.1926022553827096,0.0,0.5756734638386529,True,top_0.750
0120,1.0,6993.0,0.4071856141090393,0.5015779658585569,1.1926022553827096,0.0,0.577190894991899,True,top_0.750
0121,1.0,5461.0,0.1947372853755951,0.4918933525490903,1.1926022553827096,0.0,0.5216576594811713,True,top_0.750
0122,1.0,2455.0,0.10280846804380417,0.4023271058669289,1.1926022553827096,0.0,0.47628389347768324,False,top_0.750
0123,1.0,5315.0,0.10972421616315842,0.4445094923475788,1.1926022553827096,0.0,0.48855842712768427,False,top_0.750
0124,1.0,4060.0,0.36864298582077026,0.4124339699309224,1.1926022553827096,0.0,0.5452692389379231,True,top_0.750
0125,1.0,5198.0,0.4146917462348938,0.4255772064843622,1.1926022553827096,0.0,0.560067238179814,True,top_0.750
0126,1.0,5946.0,0.4331618547439575,0.3813249535047778,1.1926022553827096,0.0,0.5536217020621839,True,top_0.750
0127,1.0,5378.0,0.5191869735717773,0.40378406787296345,1.1926022553827096,0.0,0.5807427603611852,True,top_0.750
0128,1.0,5146.0,0.34351015090942383,0.3957852638055684,1.1926022553827096,0.0,0.5348238536787481,True,top_0.750
0129,1.0,2129.0,0.2255207896232605,0.3786235105815401,1.1926022553827096,0.0,0.5010360750512002,True,top_0.750
0130,1.0,3154.0,0.29602766036987305,0.4867283950617284,1.1926022553827096,0.0,0.5456890138579004,True,top_0.750
0132,1.0,4993.0,0.01796407252550125,0.5400173047804456,1.1926022553827096,0.0,0.48949534432648667,False,top_0.750
0135,1.0,3824.0,1.0,0.4029929391927495,1.1926022553827096,0.0,0.7007482347981874,True,top_0.750
0136,1.0,4993.0,0.18891793489456177,0.3815528045239187,1.1926022553827096,0.0,0.4926176848546201,False,top_0.750
0137,1.0,3865.0,0.2741840183734894,0.4403554745357183,1.1926022553827096,0.0,0.5286348732273018,True,top_0.750
0140,1.0,4824.0,0.2765454947948456,0.4395844723892838,1.1926022553827096,0.0,0.5290324917960323,True,top_0.750
0141,1.0,3276.0,0.17795395851135254,0.3681312507023261,1.1926022553827096,0.0,0.4865213023034196,False,top_0.750
0142,1.0,2982.0,0.4972589910030365,0.47696737044145876,1.1926022553827096,0.0,0.5935565903611237,True,top_0.750
0143,1.0,2830.0,0.2761238217353821,0.48417450812660395,1.1926022553827096,0.0,0.5400745824654964,True,top_0.750
0144,1.0,2180.0,0.28177449107170105,0.48660714285714285,1.1926022553827096,0.0,0.5420954084822109,True,top_0.750
0145,1.0,4994.0,0.31019651889801025,0.3901257714241075,1.1926022553827096,0.0,0.5250805725805294,True,top_0.750
0146,1.0,3829.0,0.2057856172323227,0.47624378109452736,1.1926022553827096,0.0,0.5205073495817125,True,top_0.750
0147,1.0,2790.0,0.1922914683818817,0.40045930816707337,1.1926022553827096,0.0,0.49818769413723873,True,top_0.750
0148,1.0,1769.0,0.06890444457530975,0.39628136200716846,1.1926022553827096,0.0,0.4662964516456195,False,top_0.750
0149,1.0,3193.0,0.8045036792755127,0.3213243433631881,1.1926022553827096,0.0,0.6314570056596752,True,top_0.750
0150,1.0,2484.0,0.40187230706214905,0.3838071693448702,1.1926022553827096,0.0,0.5464198691017548,True,top_0.750
0151,1.0,1928.0,0.11765202134847641,0.39044147428108544,1.1926022553827096,0.0,0.47702337390739047,False,top_0.750
0152,1.0,2599.0,0.1011217013001442,0.36497682909703694,1.1926022553827096,0.0,0.4665246325992953,False,top_0.750
0154,1.0,2590.0,0.5617778301239014,0.2660776659132936,1.1926022553827096,0.0,0.5569638740092987,True,top_0.750
0155,1.0,1088.0,0.0312051959335804,0.28608992900341834,1.1926022553827096,0.0,0.42932378123424964,False,top_0.750
0156,1.0,2164.0,0.03719322010874748,0.22635983263598328,1.1926022553827096,0.0,0.41588826318618266,False,top_0.750
0157,1.0,3399.0,0.5078012943267822,0.3056654676258993,1.1926022553827096,0.0,0.5533666904881703,True,top_0.750
0158,1.0,2569.0,0.2757021188735962,0.422671931556433,1.1926022553827096,0.0,0.5245935126075073,True,top_0.750
0159,1.0,2859.0,0.7334064245223999,0.4831023994592768,1.1926022553827096,0.0,0.6541272059954192,True,top_0.750
0160,1.0,3541.0,0.28649741411209106,0.43710653005801753,1.1926022553827096,0.0,0.5309009860425271,True,top_0.750
0161,1.0,2738.0,0.8475162386894226,0.5192490043618434,1.1926022553827096,0.0,0.6916913107628164,True,top_0.750
0162,1.0,1876.0,0.37108880281448364,0.3735563520509757,1.1926022553827096,0.0,0.5361612887163648,True,top_0.750
0163,1.0,5244.0,0.3604621887207031,0.39619220308250225,1.1926022553827096,0.0,0.5391635979508014,True,top_0.750
0164,1.0,2957.0,0.1054229587316513,0.4991559756920999,1.1926022553827096,0.0,0.5011447336059378,True,top_0.750
0166,1.0,3177.0,0.08855528384447098,0.46010137581462707,1.1926022553827096,0.0,0.4871641649147745,False,top_0.750
0167,1.0,2175.0,0.36501646041870117,0.4682454251883746,1.1926022553827096,0.0,0.558315471401769,True,top_0.750
0168,1.0,920.0,0.31070253252983093,0.31966643502432246,1.1926022553827096,0.0,0.5075922418885384,True,top_0.750
0169,1.0,991.0,0.3747153580188751,0.3725563909774436,1.1926022553827096,0.0,0.5368179372490797,True,top_0.750
0170,1.0,4228.0,0.11756768077611923,0.5296918065647708,1.1926022553827096,0.0,0.5118148718352225,True,top_0.750
0171,1.0,1851.0,0.6789238452911377,0.5133111480865225,1.1926022553827096,0.0,0.648058748344415,True,top_0.750
0172,1.0,4921.0,0.12768828868865967,0.6134380453752182,1.1926022553827096,0.0,0.5352815835159694,True,top_0.750
0173,1.0,5731.0,0.3103651702404022,0.6015534795843392,1.1926022553827096,0.0,0.5779796624561854,True,top_0.750
0174,1.0,7564.0,0.47760817408561707,0.5102192242833052,1.1926022553827096,0.0,0.5969568495922306,True,top_0.750
0175,1.0,6571.0,0.5323437452316284,0.5778227224762574,1.1926022553827096,0.0,0.6275416169269714,True,top_0.750
0176,1.0,6706.0,0.45551151037216187,0.5706748361841545,1.1926022553827096,0.0,0.6065465866390791,True,top_0.750
0177,1.0,6862.0,0.591549277305603,0.5723579948285928,1.1926022553827096,0.0,0.6409768180335489,True,top_0.750
0179,1.0,1944.0,0.5185965895652771,0.45,1.1926022553827096,0.0,0.5921491473913193,True,top_0.750
0180,1.0,4230.0,0.32360631227493286,0.5752753977968176,1.1926022553827096,0.0,0.5747204275179376,True,top_0.750
0181,1.0,6399.0,0.718900203704834,0.7001860159754897,1.1926022553827096,0.0,0.7047715549200809,True,top_0.750
0182,1.0,8646.0,0.3747153580188751,0.7429111531190926,1.1926022553827096,0.0,0.6294066277844919,True,top_0.750
0183,1.0,10089.0,0.04537403956055641,0.7736369910282954,1.1926022553827096,0.0,0.5547527576472129,True,top_0.750
0185,1.0,9092.0,0.11183267086744308,0.7405114839550415,1.1926022553827096,0.0,0.5630860387056211,True,top_0.750
0186,1.0,9103.0,0.6621404886245728,0.7471273801707157,1.1926022553827096,0.0,0.7023169671988221,True,top_0.750
0189,1.0,10680.0,0.35725730657577515,0.7461748061203102,1.1926022553827096,0.0,0.6258580281740214,True,top_0.750
0191,1.0,2660.0,0.3526186943054199,0.4906843755764619,1.1926022553827096,0.0,0.5608257674704704,True,top_0.750
0192,1.0,1646.0,0.8775407075881958,0.4257630625969995,1.1926022553827096,0.0,0.6758259425462988,True,top_0.750
0193,1.0,1477.0,0.34494391083717346,0.4024523160762943,1.1926022553827096,0.0,0.5368490567283669,True,top_0.750
0194,1.0,2536.0,0.5639706254005432,0.4926184926184926,1.1926022553827096,0.0,0.6141472795047589,True,top_0.750
0195,1.0,4623.0,0.2807624042034149,0.6020315145201198,1.1926022553827096,0.0,0.5706984796808836,True,top_0.750
0196,1.0,5412.0,0.22889432311058044,0.6774314682688697,1.1926022553827096,0.0,0.5765814478448625,True,top_0.750
0197,1.0,8401.0,0.4569452702999115,0.6655311732551691,1.1926022553827096,0.0,0.6306191108887701,True,top_0.750
0198,1.0,8446.0,0.13932697474956512,0.6763834387763273,1.1926022553827096,0.0,0.5539276033814731,True,top_0.750
0199,1.0,5686.0,0.0017711056862026453,0.754812159830081,1.1926022553827096,0.0,0.5391458163790709,True,top_0.750
0200,1.0,5951.0,0.19499030709266663,0.7590561224489796,1.1926022553827096,0.0,0.5885116073854115,True,top_0.750
0201,1.0,8390.0,0.24120771884918213,0.643059707212386,1.1926022553827096,0.0,0.571066856515392,True,top_0.750
0206,1.0,3264.0,0.17036350071430206,0.6028814185445143,1.1926022553827096,0.0,0.543311229814704,True,top_0.750
0209,1.0,3095.0,0.004807286895811558,0.48329169269206745,1.1926022553827096,0.0,0.4720247448969697,False,top_0.750
